Workbook

Sheet Panel
B1: Panel · Sistema de Gestión MP 2026
B2: Pulso del equipamiento clínico — HHHA · se actualiza al abrir en Excel
B3: Hoy: | C3: =TODAY() -> 46191
B5: OPERATIVIDAD (hoy)
B6: Casos abiertos | C6: Equipos No Operativos | D6: En servicio técnico | E6: Dados de baja | F6: Pend. documentales
B7: =COUNTIF('1. Órdenes de Trabajo'!$J$2:$J$301,"Abierto") -> 11 | C7: =COUNTIFS('1. Órdenes de Trabajo'!$J$2:$J$301,"Abierto",'1. Órdenes de Trabajo'!$H$2:$H$301,"No Operativo") -> 11 | D7: =SUMPRODUCT(('5. Servicio Técnico (Envíos)'!$A$2:$A$301<>"")*('5. Servicio Técnico (Envíos)'!$K$2:$K$301<>"Operativo")) -> 8 | E7: =COUNTIF('6. Bajas'!$A$2:$A$301,"?*") -> 0 | F7: =COUNTIF('4. Visitas Técnicas'!$L$2:$L$301,"No")+COUNTIF('5. Servicio Técnico (Envíos)'!$M$2:$M$301,"No") -> 2
B9: PROGRAMA PREVENTIVO 2026
B10: MP programadas | C10: MP ejecutadas | D10: % avance | E10: Reprogramadas | F10: Por correctivo
B11: =SUM('MP Carta 2026'!$U$4:$U$969) -> 1234 | C11: =SUM('MP Carta 2026'!$V$4:$V$969) -> 888 | D11: =IFERROR(SUM('MP Carta 2026'!$V$4:$V$969)/SUM('MP Carta 2026'!$U$4:$U$969),"") -> 0.71961102 | E11: =SUMPRODUCT(--('MP Carta 2026'!$I$4:$T$969="R")) -> 299 | F11: =SUM('MP Carta 2026'!$X$4:$X$969) -> 47
B13: PENDIENTES (cola de acción)
B14: Por hacer | C14: Vencidos | D14: Completados
B15: =COUNTIF(Pendientes!$H$2:$H$200,"Por hacer") -> 54 | C15: =COUNTIFS(Pendientes!$H$2:$H$200,"Por hacer",Pendientes!$G$2:$G$200,"Vencido") -> 24 | D15: =COUNTIF(Pendientes!$H$2:$H$200,"Completado") -> 5
B17: EQUIPOS CRÍTICOS — en correctivo + preventivo + pendientes
B18: N° Inventario | C18: Equipo | D18: Servicio | E18: Caso abierto | F18: Pend. por hacer
B19: 2-013590 | C19: =IFERROR(VLOOKUP($B19,Equipos!$C$2:$D$967,2,FALSE()),"") -> Ventilador Mecánico | D19: =IFERROR(VLOOKUP($B19,Equipos!$C$2:$F$967,3,FALSE()),"") -> UPC Adulto | E19: =IF(COUNTIFS('1. Órdenes de Trabajo'!$F$2:$F$301,$B19,'1. Órdenes de Trabajo'!$J$2:$J$301,"Abierto")>0,"Sí","No") -> Sí | F19: =COUNTIFS(Pendientes!$C$2:$C$200,$B19,Pendientes!$H$2:$H$200,"Por hacer") -> 4
B20: 2-110571 | C20: =IFERROR(VLOOKUP($B20,Equipos!$C$2:$D$967,2,FALSE()),"") -> Ventilador Mecánico | D20: =IFERROR(VLOOKUP($B20,Equipos!$C$2:$F$967,3,FALSE()),"") -> UPC Adulto | E20: =IF(COUNTIFS('1. Órdenes de Trabajo'!$F$2:$F$301,$B20,'1. Órdenes de Trabajo'!$J$2:$J$301,"Abierto")>0,"Sí","No") -> No | F20: =COUNTIFS(Pendientes!$C$2:$C$200,$B20,Pendientes!$H$2:$H$200,"Por hacer") -> 3
B21: 2-119890 | C21: =IFERROR(VLOOKUP($B21,Equipos!$C$2:$D$967,2,FALSE()),"") -> Ventilador Mecánico | D21: =IFERROR(VLOOKUP($B21,Equipos!$C$2:$F$967,3,FALSE()),"") -> UPC 3er Piso | E21: =IF(COUNTIFS('1. Órdenes de Trabajo'!$F$2:$F$301,$B21,'1. Órdenes de Trabajo'!$J$2:$J$301,"Abierto")>0,"Sí","No") -> Sí | F21: =COUNTIFS(Pendientes!$C$2:$C$200,$B21,Pendientes!$H$2:$H$200,"Por hacer") -> 1
B22: 2-119891 | C22: =IFERROR(VLOOKUP($B22,Equipos!$C$2:$D$967,2,FALSE()),"") -> Ventilador Mecánico | D22: =IFERROR(VLOOKUP($B22,Equipos!$C$2:$F$967,3,FALSE()),"") -> UPC 3er Piso | E22: =IF(COUNTIFS('1. Órdenes de Trabajo'!$F$2:$F$301,$B22,'1. Órdenes de Trabajo'!$J$2:$J$301,"Abierto")>0,"Sí","No") -> Sí | F22: =COUNTIFS(Pendientes!$C$2:$C$200,$B22,Pendientes!$H$2:$H$200,"Por hacer") -> 1
B23: 2-121203 | C23: =IFERROR(VLOOKUP($B23,Equipos!$C$2:$D$967,2,FALSE()),"") -> Ventilador Mecánico | D23: =IFERROR(VLOOKUP($B23,Equipos!$C$2:$F$967,3,FALSE()),"") -> UPC 3er Piso | E23: =IF(COUNTIFS('1. Órdenes de Trabajo'!$F$2:$F$301,$B23,'1. Órdenes de Trabajo'!$J$2:$J$301,"Abierto")>0,"Sí","No") -> Sí | F23: =COUNTIFS(Pendientes!$C$2:$C$200,$B23,Pendientes!$H$2:$H$200,"Por hacer") -> 2
B26: IR A:
B27: =HYPERLINK("#Pendientes!A1","▸ Pendientes (qué hacer hoy)") -> ▸ Pendientes (qué hacer hoy)
B28: =HYPERLINK("#'Ficha de Equipo'!A1","▸ Ficha de Equipo (estado 360)") -> ▸ Ficha de Equipo (estado 360)
B29: =HYPERLINK("#Tablero!A1","▸ Tablero correctivo") -> ▸ Tablero correctivo
B30: =HYPERLINK("#'MP Carta 2026'!A1","▸ MP Carta 2026") -> ▸ MP Carta 2026

Sheet Pendientes
A1: Equipo | B1: Serie | C1: N° Inventario | D1: Tipo de pendiente | E1: Fecha compromiso | F1: Días de atraso | G1: Situación | H1: Estado | I1: Prioridad | J1: Responsable Ejecutivo | K1: Responsable Administrativo | L1: En espera de | M1: Descripción | N1: Tareas | O1: Fecha completado | P1: Creado
A2: Máquina Diálisis | B2: 8VCAJN39 | C2: 2-113999 | D2: Reprogramación Mantención Preventiva | E2: 15-06-2026 | F2: 2 | G2: Vencido | H2: Por hacer | I2: Media | J2: Cristián Beltrán Oviedo | K2: Cristián Beltrán Oviedo | M2: Reprogramación de MP por causal C6 (MP del 30-04-2026). | N2: [ ] Sacar la firma del reporte de reprogramación (causal C6) | O2: — | P2: 12-06-2026
A3: Máquina Diálisis | B3: 3SXA4HCP | C3: 2-128062 | D3: Otro | E3: 12-06-2026 | G3: Completado | H3: Completado | I3: Media | J3: Cristián Beltrán Oviedo | K3: Cristián Beltrán Oviedo | M3: No se encuentra la carpeta. | O3: 15-06-2026 | P3: 12-06-2026
A4: Máquina Diálisis | B4: 3SXA4HDJ | C4: 2-128045 | D4: Protocolo Interno de Mantenimiento | E4: 12-06-2026 | F4: 5 | G4: Vencido | H4: Por hacer | I4: Media | J4: Cristián Beltrán Oviedo | K4: Cristián Beltrán Oviedo | M4: Falta el protocolo interno de MP de esta máquina de diálisis. | N4: [ ] Conseguir/completar el protocolo interno de MP | O4: — | P4: 12-06-2026
A5: Máquina Diálisis | B5: 0VSANY78 | C5: 2-130653 | D5: Protocolo Interno de Mantenimiento | E5: 12-06-2026 | F5: 5 | G5: Vencido | H5: Por hacer | I5: Media | J5: Cristián Beltrán Oviedo | K5: Cristián Beltrán Oviedo | M5: Falta el protocolo interno de MP de esta máquina de diálisis. | N5: [ ] Conseguir/completar el protocolo interno de MP | O5: — | P5: 12-06-2026
A6: Máquina Diálisis | B6: 0VSANY78 | C6: 2-130653 | D6: Protocolo Externo de Mantenimiento | E6: 12-06-2026 | F6: 5 | G6: Vencido | H6: Por hacer | I6: Media | J6: Cristián Beltrán Oviedo | K6: Cristián Beltrán Oviedo | M6: Falta el protocolo externo de MP de esta máquina de diálisis. | N6: [ ] Conseguir/completar el protocolo externo de MP | O6: — | P6: 12-06-2026
A7: Ventilador Mecánico | B7: ASFN-0008 | C7: 2-013590 | D7: Otro | E7: 15-06-2026 | F7: 2 | G7: Vencido | H7: Por hacer | I7: Media | J7: Ricardo Matus Aroca | K7: Cristián Beltrán Oviedo | M7: Falta el reporte de reparación (folio 19-6709). | N7: [ ] Conseguir el reporte de reparación (folio 19-6709) y archivarlo | O7: — | P7: 12-06-2026
A8: Ventilador Mecánico | B8: ASFN-0008 | C8: 2-013590 | D8: Reprogramación Mantención Preventiva | E8: 30-04-2026 | F8: 48 | G8: Vencido | H8: Por hacer | I8: Media | J8: Ricardo Matus Aroca | K8: Cristián Beltrán Oviedo | M8: Reprogramación de MP por causal C3 (MP del 30-04-2026). | N8: [ ] Generar el reporte de reprogramación (causal C3 · 30-04-2026) [ ] Imprimir el reporte de reprogramación [ ] Firma del supervisor del servicio clínico [ ] Firma del jefe de equipos médicos | O8: — | P8: 12-06-2026
A9: Monitor Multiparámetros | B9: 5494254562 | C9: 2-007495 | D9: Reprogramación Mantención Preventiva | E9: 12-06-2026 | F9: 5 | G9: Vencido | H9: Por hacer | I9: Media | J9: Ignacio Berner Bergara | K9: Cristián Beltrán Oviedo | M9: Reprogramación de MP por causal C5 (MP del 30-04-2026). | N9: [ ] Generar el reporte de reprogramación (causal C5 · 30-04-2026) [ ] Imprimir el reporte de reprogramación [ ] Firma del supervisor del servicio clínico [ ] Firma del jefe de equipos médicos | O9: — | P9: 12-06-2026
A10: Máquina de Anestesia | B10: ASMB-0231 | C10: 2-117816 | D10: Otro | E10: 12-06-2026 | F10: 5 | G10: Vencido | H10: Por hacer | I10: Media | J10: Cristián Beltrán Oviedo | K10: Cristián Beltrán Oviedo | M10: Falta el protocolo interno de MP y hay una causal nueva por revisar. | N10: [ ] Armar/conseguir el protocolo interno de MP [ ] Revisar la causal nueva [ ] Consultar con Marco | O10: — | P10: 12-06-2026
A11: Monitor Multiparámetros | B11: 5494252457 | C11: 2-016863 | D11: Reprogramación Mantención Preventiva | E11: 12-06-2026 | F11: 5 | G11: Vencido | H11: Por hacer | I11: Media | J11: Ignacio Berner Bergara | K11: Cristián Beltrán Oviedo | M11: Reprogramación de MP por causal C5 (MP del 30-04-2026). | N11: [ ] Generar el reporte de reprogramación (causal C5 · 30-04-2026) [ ] Imprimir el reporte de reprogramación [ ] Firma del supervisor del servicio clínico [ ] Firma del jefe de equipos médicos | O11: — | P11: 12-06-2026
A12: Ventilador Mecánico | B12: 40966N0126 | C12: 2-119887 | D12: Protocolo Interno de Mantenimiento | E12: 15-06-2026 | F12: 2 | G12: Vencido | H12: Por hacer | I12: Media | J12: Ricardo Matus Aroca | K12: Cristián Beltrán Oviedo | M12: MP del 09-04-2026 (resultado Sí). Falta el reporte de MP; enviarlo a Ignacio Díaz (Medtronic) para que lo complete. | N12: [ ] Enviar el reporte de MP a Ignacio Díaz (Medtronic) para que lo complete [ ] Firma de los profesionales del servicio clínico [ ] Firma de Marco [ ] Firma de Don Ricardo [ ] Archivar el documento | O12: — | P12: 12-06-2026
A13: Máquina Diálisis | B13: 3SXA4HCP | C13: 2-128062 | D13: Reprogramación Mantención Preventiva | E13: 15-06-2026 | F13: 2 | G13: Vencido | H13: Por hacer | I13: Media | J13: Cristián Beltrán Oviedo | K13: Cristián Beltrán Oviedo | M13: Reprogramación de MP por causal C6 (MP del 30-04-2026). | N13: [ ] Generar el reporte de reprogramación (causal C6 · 30-04-2026) [ ] Imprimir el reporte de reprogramación [ ] Firma del supervisor del servicio clínico [ ] Firma del jefe de equipos médicos | O13: — | P13: 15-06-2026
A14: Ventilador Mecánico | B14: 40966N0134 | C14: 2-119890 | D14: Protocolo Interno de Mantenimiento | E14: 18-06-2026 | G14: Vigente | H14: Por hacer | I14: Media | J14: Personal Externo | K14: Cristián Beltrán Oviedo | M14: Solicitar a Ignacio Díaz (Medtronic) que envíe el protocolo de mantención preventiva firmado. | N14: [ ] Enviar el reporte de MP a Medtronic para que lo complete [ ] Sacar la firma de los profesionales del servicio [ ] Sacar la firma de Marco [ ] Sacar la firma de Don Ricardo [ ] Archivar el documento | O14: — | P14: 15-06-2026
A15: Ventilador Mecánico | B15: 40966N0118 | C15: 2-119891 | D15: Protocolo Interno de Mantenimiento | E15: 18-06-2026 | G15: Vigente | H15: Por hacer | I15: Media | J15: Personal Externo | K15: Cristián Beltrán Oviedo | M15: Falta el protocolo de mantención preventiva interno de Medtronic. | N15: [ ] Enviar a Ignacio Díaz (Medtronic) el protocolo para que lo complete [ ] Sacar la firma de Marco [ ] Sacar la firma de Ricardo Matus [ ] Firma del servicio clínico [ ] Archivar el documento | O15: — | P15: 15-06-2026
A16: Ventilador Mecánico | B16: ASCL-0116 | C16: 2-003526 | D16: Protocolo Interno de Mantenimiento | E16: 18-06-2026 | G16: Completado | H16: Completado | I16: Media | J16: Personal Externo | K16: Cristián Beltrán Oviedo | M16: Generado por la MP del 18-05-2026 (resultado Sí): falta el protocolo de MP interno. | N16: [Sí] Conseguir el reporte de MP interno y archivarlo | O16: 17-06-2026 | P16: 15-06-2026
A17: Ventilador Mecánico | B17: ASJL-0081 | C17: 2-121203 | D17: Otro | E17: 15-06-2026 | F17: 2 | G17: Vencido | H17: Por hacer | I17: Media | J17: Cristián Beltrán Oviedo | K17: Cristián Beltrán Oviedo | M17: Actualizar en la carta Gantt el estado de la ST (solicitud de trabajo). | N17: [ ] Actualizar en la carta Gantt el estado de la ST | O17: — | P17: 15-06-2026
A18: Ventilador Mecánico | B18: TV01802190B | C18: 2-116500 | D18: Otro | E18: 15-06-2026 | F18: 2 | G18: Vencido | H18: Por hacer | I18: Media | J18: Cristián Beltrán Oviedo | K18: Cristián Beltrán Oviedo | M18: El equipo regresó el 15-06-2026. Se había enviado el año pasado por falla; Don Ricardo recuerda que el envío fue por garantía, pero Andover quedó esperando una orden de compra pese a tratarse de garantía. | N18: [ ] Aclarar con Andover si corresponde garantía u orden de compra [ ] Regularizar el ingreso del equipo | O18: — | P18: 15-06-2026
A19: Ventilador Mecánico | B19: ASFM-0082 | C19: 2-013598 | D19: Otro | E19: 22-06-2026 | G19: Vigente | H19: Por hacer | I19: Media | J19: Cristián Beltrán Oviedo | K19: Cristián Beltrán Oviedo | M19: Generada automáticamente por la MP del 18-05-2026 (resultado Sí). Falta especificar qué acción queda pendiente. | N19: [ ] Definir/revisar qué falta de esta MP | O19: — | P19: 15-06-2026
A20: Ventilador Mecánico | B20: ASHK-0152 | C20: 2-110569 | D20: Otro | E20: 22-06-2026 | G20: Vigente | H20: Por hacer | I20: Media | J20: Cristián Beltrán Oviedo | K20: Cristián Beltrán Oviedo | M20: Generada automáticamente por la MP del 18-05-2026 (resultado Sí). Falta especificar qué acción queda pendiente. | N20: [ ] Definir/revisar qué falta de esta MP | O20: — | P20: 15-06-2026
A21: Ventilador Mecánico | B21: ASHK-0155 | C21: 2-110568 | D21: Protocolo Interno de Mantenimiento | E21: 18-06-2026 | G21: Vigente | H21: Por hacer | I21: Media | J21: Personal Externo | K21: Cristián Beltrán Oviedo | M21: Generado por la MP del 20-05-2026 (resultado Sí): falta el reporte de MP interno (lo tiene Luis Hurtado). | N21: [ ] Solicitar a Luis Hurtado el reporte de MP interno y archivarlo | O21: — | P21: 15-06-2026
A22: Ventilador Mecánico | B22: ASHK-0157 | C22: 2-110566 | D22: Protocolo Interno de Mantenimiento | E22: 22-06-2026 | G22: Vigente | H22: Por hacer | I22: Media | J22: Personal Externo | K22: Cristián Beltrán Oviedo | M22: Generado por la MP del 14-05-2026 (resultado Sí): falta el reporte de MP interno (lo tiene Luis Hurtado). | N22: [ ] Solicitar a Luis Hurtado el reporte de MP interno y archivarlo | O22: — | P22: 15-06-2026
A23: Ventilador Mecánico | B23: ASHK-0158 | C23: 2-110574 | D23: Protocolo Interno de Mantenimiento | E23: 22-06-2026 | G23: Vigente | H23: Por hacer | I23: Media | J23: Personal Externo | K23: Cristián Beltrán Oviedo | M23: Generado por la MP del 06-05-2026 (resultado Sí): falta el reporte de MP interno (lo tiene Luis Hurtado). | N23: [ ] Solicitar a Luis Hurtado el reporte de MP interno y archivarlo | O23: — | P23: 15-06-2026
A24: Ventilador Mecánico | B24: ASHK-0162 | C24: 2-110575 | D24: Protocolo Interno de Mantenimiento | E24: 18-06-2026 | G24: Vigente | H24: Por hacer | I24: Media | J24: Personal Externo | K24: Cristián Beltrán Oviedo | M24: Generado por la MP del 13-05-2026 (resultado Sí): falta el reporte de MP interno (lo tiene Luis Hurtado). | N24: [ ] Solicitar a Luis Hurtado el reporte de MP interno y archivarlo | O24: — | P24: 15-06-2026
A25: Ventilador Mecánico | B25: ASHK-0163 | C25: 2-110572 | D25: Protocolo Interno de Mantenimiento | E25: 18-06-2026 | G25: Vigente | H25: Por hacer | I25: Media | J25: Personal Externo | K25: Cristián Beltrán Oviedo | M25: Generado por la MP del 13-05-2026 (resultado Sí): falta el reporte de MP interno (lo tiene Luis Hurtado). | N25: [ ] Solicitar a Luis Hurtado el reporte de MP interno y archivarlo | O25: — | P25: 15-06-2026
A26: Ventilador Mecánico | B26: ASJA-0096 | C26: 2-116308 | D26: Protocolo Interno de Mantenimiento | E26: 18-06-2026 | G26: Vigente | H26: Por hacer | I26: Media | J26: Personal Externo | K26: Cristián Beltrán Oviedo | M26: Generado por la MP del 18-05-2026 (resultado Sí): falta el reporte de MP interno (lo tiene Luis Hurtado). | N26: [ ] Solicitar a Luis Hurtado el reporte de MP interno y archivarlo | O26: — | P26: 15-06-2026
A27: Ventilador Mecánico | B27: ASJA-0097 | C27: 2-116302 | D27: Protocolo Interno de Mantenimiento | E27: 18-06-2026 | G27: Vigente | H27: Por hacer | I27: Media | J27: Personal Externo | K27: Cristián Beltrán Oviedo | M27: Generado por la MP del 14-05-2026 (resultado Sí): falta el reporte de MP interno (lo tiene Luis Hurtado). | N27: [ ] Solicitar a Luis Hurtado el reporte de MP interno y archivarlo | O27: — | P27: 15-06-2026
A28: Ventilador Mecánico | B28: ASJA-0098 | C28: 2-116303 | D28: Protocolo Interno de Mantenimiento | E28: 18-06-2026 | G28: Vigente | H28: Por hacer | I28: Media | J28: Personal Externo | K28: Cristián Beltrán Oviedo | M28: Generado por la MP del 07-05-2026 (resultado Sí): falta el reporte de MP interno (lo tiene Luis Hurtado). | N28: [ ] Solicitar a Luis Hurtado el reporte de MP interno y archivarlo | O28: — | P28: 15-06-2026
A29: Ventilador Mecánico | B29: ASJA-0138 | C29: 2-116301 | D29: Protocolo Interno de Mantenimiento | E29: 22-06-2026 | G29: Vigente | H29: Por hacer | I29: Media | J29: Personal Externo | K29: Cristián Beltrán Oviedo | M29: Generado por la MP del 20-05-2026 (resultado Sí): falta el reporte de MP interno (lo tiene Luis Hurtado). | N29: [ ] Solicitar a Luis Hurtado el reporte de MP interno y archivarlo | O29: — | P29: 15-06-2026
A30: Ventilador Mecánico | B30: ASJF-0008 | C30: 2-116305 | D30: Protocolo Interno de Mantenimiento | E30: 18-06-2026 | G30: Vigente | H30: Por hacer | I30: Media | J30: Personal Externo | K30: Cristián Beltrán Oviedo | M30: Generado por la MP del 14-05-2026 (resultado Sí): falta el reporte de MP interno (lo tiene Luis Hurtado). | N30: [ ] Solicitar a Luis Hurtado el reporte de MP interno y archivarlo | O30: — | P30: 15-06-2026
... A45: Ventilador Mecánico | B45: ASHK-0158 | C45: 2-110574 | D45: Reprogramación Mantención Preventiva | E45: 18-06-2026 | G45: Vigente | H45: Por hacer | I45: Media | J45: Personal Externo | K45: Cristián Beltrán Oviedo | M45: Reprogramación de MP por causal C6 (MP del 30-04-2026). | N45: [ ] Imprimir el reporte de reprogramación (causal C6) | O45: — | P45: 15-06-2026
A46: Ventilador Mecánico | B46: ASHK-0163 | C46: 2-110572 | D46: Reprogramación Mantención Preventiva | E46: 30-05-2026 | F46: 18 | G46: Vencido | H46: Por hacer | I46: Media | J46: Personal Externo | K46: Cristián Beltrán Oviedo | M46: Reprogramación de MP por causal C6 (MP del 30-04-2026). | N46: [ ] Imprimir el reporte de reprogramación (causal C6) | O46: — | P46: 15-06-2026
A47: Ventilador Mecánico | B47: ASHK-0162 | C47: 2-110575 | D47: Reprogramación Mantención Preventiva | E47: 18-06-2026 | G47: Vigente | H47: Por hacer | I47: Media | J47: Personal Externo | K47: Cristián Beltrán Oviedo | M47: Reprogramación de MP por causal C6 (MP del 30-04-2026). | N47: [ ] Imprimir el reporte de reprogramación (causal C6) | O47: — | P47: 15-06-2026
A48: Ventilador Mecánico | B48: ASHK-0155 | C48: 2-110568 | D48: Reprogramación Mantención Preventiva | E48: 18-06-2026 | G48: Vigente | H48: Por hacer | I48: Media | J48: Personal Externo | K48: Cristián Beltrán Oviedo | M48: Reprogramación de MP por causal C6 (MP del 30-04-2026). | N48: [ ] Imprimir el reporte de reprogramación (causal C6) | O48: — | P48: 15-06-2026
A49: Ventilador Mecánico | B49: ASHK-0157 | C49: 2-110566 | D49: Reprogramación Mantención Preventiva | E49: 18-06-2026 | G49: Completado | H49: Completado | I49: Media | J49: Personal Externo | K49: Cristián Beltrán Oviedo | M49: Reprogramación de MP por causal C6 (MP del 30-04-2026). | N49: [ ] Imprimir el reporte de reprogramación (causal C6) | O49: 17-06-2026 | P49: 15-06-2026
A50: Ventilador Mecánico | B50: ASNH-0098 | C50: 2-120837 | D50: Reprogramación Mantención Preventiva | E50: 30-05-2026 | F50: 18 | G50: Vencido | H50: Por hacer | I50: Media | J50: Personal Externo | K50: Cristián Beltrán Oviedo | M50: Reprogramación de MP (externa) por causal C6 (MP del 30-04-2026). | N50: [No] Protocolo de MP interno (lo tiene Luis Hurtado) [Sí] Protocolo de MP externo [ ] Imprimir el reporte de reprogramación (causal C6) | O50: — | P50: 16-06-2026
A51: Ventilador Mecánico | B51: ASNK-0045 | C51: 2-120945 | D51: Reprogramación Mantención Preventiva | E51: 30-05-2026 | F51: 18 | G51: Vencido | H51: Por hacer | I51: Media | J51: Cristián Beltrán Oviedo | K51: Cristián Beltrán Oviedo | M51: Reprogramación de MP (externa) por causal C6 (MP del 30-04-2026). | N51: [No] Protocolo de MP interno [Sí] Protocolo de MP externo [ ] Generar la reprogramación (causal C6) | O51: — | P51: 16-06-2026
A52: Ventilador Mecánico | B52: ASNM-0002 | C52: 2-120948 | D52: Reprogramación Mantención Preventiva | E52: 30-05-2026 | F52: 18 | G52: Vencido | H52: Por hacer | I52: Media | J52: Cristián Beltrán Oviedo | K52: Cristián Beltrán Oviedo | M52: Reprogramación de MP (externa) por causal C6 (MP del 30-04-2026). | N52: [—] Protocolo de MP interno [—] Protocolo de MP externo [ ] Imprimir el reporte de reprogramación (causal C6) | O52: — | P52: 16-06-2026
A53: Ventilador Mecánico | B53: ASFN-0008 | C53: 2-013590 | D53: Protocolo Interno de Mantenimiento | E53: 12-02-2026 | F53: 125 | G53: Vencido | H53: Por hacer | I53: Media | J53: Personal Externo | K53: Cristián Beltrán Oviedo | M53: Falta el protocolo de MP interno; solicitarlo a Miguel Hernández (Drager). | N53: [ ] Solicitar a Miguel Hernández (Drager) el reporte de MP interno y archivarlo | O53: — | P53: 16-06-2026
A54: Ventilador Mecánico | B54: ASFN-0008 | C54: 2-013590 | D54: Otro | E54: 16-06-2026 | F54: 1 | G54: Vencido | H54: Por hacer | I54: Media | J54: Ricardo Matus Aroca | K54: Cristián Beltrán Oviedo | M54: Falta el informe de reparación del equipo (figura reparado el 05-06-2026). | N54: [ ] Conseguir el informe de reparación y archivarlo | O54: — | P54: 16-06-2026
A55: Ventilador Mecánico | B55: ASLE-0157 | C55: 2-119687 | D55: Reprogramación Mantención Preventiva | E55: 30-04-2026 | G55: Completado | H55: Completado | I55: Media | J55: Cristián Beltrán Oviedo | K55: Cristián Beltrán Oviedo | M55: Reprogramación de MP por causal C6 (MP del 30-04-2026). | N55: [ ] Generar el reporte de reprogramación (causal C6 · 30-04-2026) [ ] Imprimir el reporte de reprogramación [ ] Firma del supervisor del servicio clínico [ ] Firma del jefe de equipos médicos | O55: 17-06-2026 | P55: 16-06-2026
A56: Ventilador Mecánico | B56: ASFM-0082 | C56: 2-013598 | D56: Reprogramación Mantención Preventiva | E56: 30-04-2026 | F56: 48 | G56: Vencido | H56: Por hacer | I56: Media | J56: Cristián Beltrán Oviedo | K56: Cristián Beltrán Oviedo | M56: Reprogramación de MP por causal C6 (MP del 30-04-2026). | N56: [ ] Generar el reporte de reprogramación (causal C6 · 30-04-2026) [ ] Imprimir el reporte de reprogramación [ ] Firma del supervisor del servicio clínico [ ] Firma del jefe de equipos médicos | O56: — | P56: 16-06-2026
A57: Ventilador Mecánico | B57: ASFN-0006 | C57: 2-013592 | D57: Reprogramación Mantención Preventiva | E57: 30-04-2026 | F57: 48 | G57: Vencido | H57: Por hacer | I57: Media | J57: Cristián Beltrán Oviedo | K57: Cristián Beltrán Oviedo | M57: Reprogramación de MP por causal C6 (MP del 30-04-2026). | N57: [ ] Generar el reporte de reprogramación (causal C6 · 30-04-2026) [ ] Imprimir el reporte de reprogramación [ ] Firma del supervisor del servicio clínico [ ] Firma del jefe de equipos médicos | O57: — | P57: 16-06-2026
A58: Ventilador Mecánico | B58: ASHK-0151 | C58: 2-110571 | D58: Otro | E58: 24-04-2026 | F58: 54 | G58: Vencido | H58: Por hacer | I58: Media | J58: Cristián Beltrán Oviedo | K58: Cristián Beltrán Oviedo | M58: Falta el reporte de reparación del retorno (guía 119703 · OT 2025-121109-19-10024). Gestionar con Drager Chile Ltda. | N58: [ ] Solicitar a Drager Chile el reporte de reparación del retorno y archivarlo | O58: — | P58: 16-06-2026
A59: Ventilador Mecánico | B59: ASHK-0151 | C59: 2-110571 | D59: Reprogramación Mantención Preventiva | E59: 30-04-2026 | F59: 48 | G59: Vencido | H59: Por hacer | I59: Media | J59: Cristián Beltrán Oviedo | K59: Cristián Beltrán Oviedo | M59: Reprogramación de MP por causal C2 (MP del 30-04-2026). | N59: [ ] Generar el reporte de reprogramación (causal C2 · 30-04-2026) [ ] Imprimir el reporte de reprogramación [ ] Firma del supervisor del servicio clínico [ ] Firma del jefe de equipos médicos | O59: — | P59: 16-06-2026
A60: Ventilador Mecánico | B60: ASHK-0151 | C60: 2-110571 | D60: Otro | E60: 16-06-2026 | F60: 1 | G60: Vencido | H60: Por hacer | I60: Media | J60: Cristián Beltrán Oviedo | K60: Cristián Beltrán Oviedo | M60: El equipo regresó sin su reporte de servicio; hay que gestionarlo. | N60: [ ] Gestionar el reporte de servicio asociado al retorno | O60: — | P60: 16-06-2026

Sheet Ficha de Equipo
B1: Ficha de Equipo
B2: Elige el N° de inventario y verás todo su estado e historial
B4: N° Inventario: | C4: 2-118732
B6: IDENTIDAD
C7: Equipo | D7: Servicio | E7: Ubicación
C8: =IFERROR(VLOOKUP($C$4,Equipos!$C$2:$M$967,2,FALSE()),"—") -> Monitor Multiparámetros | D8: =IFERROR(VLOOKUP($C$4,Equipos!$C$2:$M$967,3,FALSE()),"—") -> Pabellón Quirúrgico | E8: =IFERROR(VLOOKUP($C$4,Equipos!$C$2:$M$967,5,FALSE()),"—") -> Pabellón 7
C9: Marca | D9: Modelo | E9: Serie
C10: =IFERROR(VLOOKUP($C$4,Equipos!$C$2:$M$967,7,FALSE()),"—") -> Drager | D10: =IFERROR(VLOOKUP($C$4,Equipos!$C$2:$M$967,8,FALSE()),"—") -> M540 | E10: =IFERROR(VLOOKUP($C$4,Equipos!$C$2:$M$967,9,FALSE()),"—") -> 5613543568
B12: ESTADO ACTUAL
B13: ¿Caso correctivo abierto? | D13: =IF(COUNTIFS('1. Órdenes de Trabajo'!$F$2:$F$301,$C$4,'1. Órdenes de Trabajo'!$J$2:$J$301,"Abierto")>0,"SÍ — en proceso","No") -> SÍ — en proceso
B14: ¿En servicio técnico? | D14: =IF(SUMPRODUCT(('5. Servicio Técnico (Envíos)'!$C$2:$C$301=$C$4)*('5. Servicio Técnico (Envíos)'!$K$2:$K$301<>"Operativo"))>0,"Sí","No") -> No
B15: Pendientes por hacer | D15: =COUNTIFS(Pendientes!$C$2:$C$200,$C$4,Pendientes!$H$2:$H$200,"Por hacer") -> 0
B16: MP ejecutadas / programadas | D16: =IFERROR(VLOOKUP($C$4,'MP Carta 2026'!$A$4:$Z$969,22,FALSE())&" / "&VLOOKUP($C$4,'MP Carta 2026'!$A$4:$Z$969,21,FALSE()),"—") -> 1 / 1
B18: PREVENTIVO 2026 (por mes)
B19: Ene | C19: Feb | D19: Mar | E19: Abr | F19: May | G19: Jun
B20: =IFERROR(VLOOKUP($C$4,'MP Carta 2026'!$A$4:$T$969,9,FALSE()),"") -> 0 | C20: =IFERROR(VLOOKUP($C$4,'MP Carta 2026'!$A$4:$T$969,10,FALSE()),"") -> 0 | D20: =IFERROR(VLOOKUP($C$4,'MP Carta 2026'!$A$4:$T$969,11,FALSE()),"") -> 0 | E20: =IFERROR(VLOOKUP($C$4,'MP Carta 2026'!$A$4:$T$969,12,FALSE()),"") -> E | F20: =IFERROR(VLOOKUP($C$4,'MP Carta 2026'!$A$4:$T$969,13,FALSE()),"") -> 0 | G20: =IFERROR(VLOOKUP($C$4,'MP Carta 2026'!$A$4:$T$969,14,FALSE()),"") -> 0
B21: Jul | C21: Ago | D21: Sep | E21: Oct | F21: Nov | G21: Dic
B22: =IFERROR(VLOOKUP($C$4,'MP Carta 2026'!$A$4:$T$969,15,FALSE()),"") -> 0 | C22: =IFERROR(VLOOKUP($C$4,'MP Carta 2026'!$A$4:$T$969,16,FALSE()),"") -> 0 | D22: =IFERROR(VLOOKUP($C$4,'MP Carta 2026'!$A$4:$T$969,17,FALSE()),"") -> 0 | E22: =IFERROR(VLOOKUP($C$4,'MP Carta 2026'!$A$4:$T$969,18,FALSE()),"") -> 0 | F22: =IFERROR(VLOOKUP($C$4,'MP Carta 2026'!$A$4:$T$969,19,FALSE()),"") -> 0 | G22: =IFERROR(VLOOKUP($C$4,'MP Carta 2026'!$A$4:$T$969,20,FALSE()),"") -> 0
B24: HISTORIAL CORRECTIVO
B25: Folio | C25: Fecha OT | D25: Requerimiento | E25: Estado | F25: Cierre
B26: =IFERROR(INDEX('1. Órdenes de Trabajo'!$A$2:$A$301,$T26),"") | C26: =IFERROR(INDEX('1. Órdenes de Trabajo'!$B$2:$B$301,$T26),"") | D26: =IFERROR(INDEX('1. Órdenes de Trabajo'!$D$2:$D$301,$T26),"") | E26: =IFERROR(INDEX('1. Órdenes de Trabajo'!$J$2:$J$301,$T26),"") | F26: =IFERROR(INDEX('1. Órdenes de Trabajo'!$K$2:$K$301,$T26),"") | T26: =IFERROR(_xludf.AGGREGATE(15,6,(ROW('1. Órdenes de Trabajo'!$F$2:$F$301)-ROW('1. Órdenes de Trabajo'!$F$2)+1)/('1. Órdenes de Trabajo'!$F$2:$F$301=$C$4),1),"")
B27: =IFERROR(INDEX('1. Órdenes de Trabajo'!$A$2:$A$301,$T27),"") | C27: =IFERROR(INDEX('1. Órdenes de Trabajo'!$B$2:$B$301,$T27),"") | D27: =IFERROR(INDEX('1. Órdenes de Trabajo'!$D$2:$D$301,$T27),"") | E27: =IFERROR(INDEX('1. Órdenes de Trabajo'!$J$2:$J$301,$T27),"") | F27: =IFERROR(INDEX('1. Órdenes de Trabajo'!$K$2:$K$301,$T27),"") | T27: =IFERROR(_xludf.AGGREGATE(15,6,(ROW('1. Órdenes de Trabajo'!$F$2:$F$301)-ROW('1. Órdenes de Trabajo'!$F$2)+1)/('1. Órdenes de Trabajo'!$F$2:$F$301=$C$4),2),"")
B28: =IFERROR(INDEX('1. Órdenes de Trabajo'!$A$2:$A$301,$T28),"") | C28: =IFERROR(INDEX('1. Órdenes de Trabajo'!$B$2:$B$301,$T28),"") | D28: =IFERROR(INDEX('1. Órdenes de Trabajo'!$D$2:$D$301,$T28),"") | E28: =IFERROR(INDEX('1. Órdenes de Trabajo'!$J$2:$J$301,$T28),"") | F28: =IFERROR(INDEX('1. Órdenes de Trabajo'!$K$2:$K$301,$T28),"") | T28: =IFERROR(_xludf.AGGREGATE(15,6,(ROW('1. Órdenes de Trabajo'!$F$2:$F$301)-ROW('1. Órdenes de Trabajo'!$F$2)+1)/('1. Órdenes de Trabajo'!$F$2:$F$301=$C$4),3),"")
B29: =IFERROR(INDEX('1. Órdenes de Trabajo'!$A$2:$A$301,$T29),"") | C29: =IFERROR(INDEX('1. Órdenes de Trabajo'!$B$2:$B$301,$T29),"") | D29: =IFERROR(INDEX('1. Órdenes de Trabajo'!$D$2:$D$301,$T29),"") | E29: =IFERROR(INDEX('1. Órdenes de Trabajo'!$J$2:$J$301,$T29),"") | F29: =IFERROR(INDEX('1. Órdenes de Trabajo'!$K$2:$K$301,$T29),"") | T29: =IFERROR(_xludf.AGGREGATE(15,6,(ROW('1. Órdenes de Trabajo'!$F$2:$F$301)-ROW('1. Órdenes de Trabajo'!$F$2)+1)/('1. Órdenes de Trabajo'!$F$2:$F$301=$C$4),4),"")
B30: =IFERROR(INDEX('1. Órdenes de Trabajo'!$A$2:$A$301,$T30),"") | C30: =IFERROR(INDEX('1. Órdenes de Trabajo'!$B$2:$B$301,$T30),"") | D30: =IFERROR(INDEX('1. Órdenes de Trabajo'!$D$2:$D$301,$T30),"") | E30: =IFERROR(INDEX('1. Órdenes de Trabajo'!$J$2:$J$301,$T30),"") | F30: =IFERROR(INDEX('1. Órdenes de Trabajo'!$K$2:$K$301,$T30),"") | T30: =IFERROR(_xludf.AGGREGATE(15,6,(ROW('1. Órdenes de Trabajo'!$F$2:$F$301)-ROW('1. Órdenes de Trabajo'!$F$2)+1)/('1. Órdenes de Trabajo'!$F$2:$F$301=$C$4),5),"")
B31: =IFERROR(INDEX('1. Órdenes de Trabajo'!$A$2:$A$301,$T31),"") | C31: =IFERROR(INDEX('1. Órdenes de Trabajo'!$B$2:$B$301,$T31),"") | D31: =IFERROR(INDEX('1. Órdenes de Trabajo'!$D$2:$D$301,$T31),"") | E31: =IFERROR(INDEX('1. Órdenes de Trabajo'!$J$2:$J$301,$T31),"") | F31: =IFERROR(INDEX('1. Órdenes de Trabajo'!$K$2:$K$301,$T31),"") | T31: =IFERROR(_xludf.AGGREGATE(15,6,(ROW('1. Órdenes de Trabajo'!$F$2:$F$301)-ROW('1. Órdenes de Trabajo'!$F$2)+1)/('1. Órdenes de Trabajo'!$F$2:$F$301=$C$4),6),"")
B33: HISTORIAL PREVENTIVO
B34: Mes | C34: Resultado | D34: Fecha | E34: Ingeniero
B35: =IFERROR(INDEX('Registro MP'!$G$2:$G$301,$T35),"") | C35: =IFERROR(INDEX('Registro MP'!$J$2:$J$301,$T35),"") | D35: =IFERROR(INDEX('Registro MP'!$L$2:$L$301,$T35),"") | E35: =IFERROR(INDEX('Registro MP'!$N$2:$N$301,$T35),"") | T35: =IFERROR(_xludf.AGGREGATE(15,6,(ROW('Registro MP'!$A$2:$A$301)-ROW('Registro MP'!$A$2)+1)/('Registro MP'!$A$2:$A$301=$C$4),1),"")
B36: =IFERROR(INDEX('Registro MP'!$G$2:$G$301,$T36),"") | C36: =IFERROR(INDEX('Registro MP'!$J$2:$J$301,$T36),"") | D36: =IFERROR(INDEX('Registro MP'!$L$2:$L$301,$T36),"") | E36: =IFERROR(INDEX('Registro MP'!$N$2:$N$301,$T36),"") | T36: =IFERROR(_xludf.AGGREGATE(15,6,(ROW('Registro MP'!$A$2:$A$301)-ROW('Registro MP'!$A$2)+1)/('Registro MP'!$A$2:$A$301=$C$4),2),"")
B37: =IFERROR(INDEX('Registro MP'!$G$2:$G$301,$T37),"") | C37: =IFERROR(INDEX('Registro MP'!$J$2:$J$301,$T37),"") | D37: =IFERROR(INDEX('Registro MP'!$L$2:$L$301,$T37),"") | E37: =IFERROR(INDEX('Registro MP'!$N$2:$N$301,$T37),"") | T37: =IFERROR(_xludf.AGGREGATE(15,6,(ROW('Registro MP'!$A$2:$A$301)-ROW('Registro MP'!$A$2)+1)/('Registro MP'!$A$2:$A$301=$C$4),3),"")
B38: =IFERROR(INDEX('Registro MP'!$G$2:$G$301,$T38),"") | C38: =IFERROR(INDEX('Registro MP'!$J$2:$J$301,$T38),"") | D38: =IFERROR(INDEX('Registro MP'!$L$2:$L$301,$T38),"") | E38: =IFERROR(INDEX('Registro MP'!$N$2:$N$301,$T38),"") | T38: =IFERROR(_xludf.AGGREGATE(15,6,(ROW('Registro MP'!$A$2:$A$301)-ROW('Registro MP'!$A$2)+1)/('Registro MP'!$A$2:$A$301=$C$4),4),"")
B39: =IFERROR(INDEX('Registro MP'!$G$2:$G$301,$T39),"") | C39: =IFERROR(INDEX('Registro MP'!$J$2:$J$301,$T39),"") | D39: =IFERROR(INDEX('Registro MP'!$L$2:$L$301,$T39),"") | E39: =IFERROR(INDEX('Registro MP'!$N$2:$N$301,$T39),"") | T39: =IFERROR(_xludf.AGGREGATE(15,6,(ROW('Registro MP'!$A$2:$A$301)-ROW('Registro MP'!$A$2)+1)/('Registro MP'!$A$2:$A$301=$C$4),5),"")
B40: =IFERROR(INDEX('Registro MP'!$G$2:$G$301,$T40),"") | C40: =IFERROR(INDEX('Registro MP'!$J$2:$J$301,$T40),"") | D40: =IFERROR(INDEX('Registro MP'!$L$2:$L$301,$T40),"") | E40: =IFERROR(INDEX('Registro MP'!$N$2:$N$301,$T40),"") | T40: =IFERROR(_xludf.AGGREGATE(15,6,(ROW('Registro MP'!$A$2:$A$301)-ROW('Registro MP'!$A$2)+1)/('Registro MP'!$A$2:$A$301=$C$4),6),"")
B41: =IFERROR(INDEX('Registro MP'!$G$2:$G$301,$T41),"") | C41: =IFERROR(INDEX('Registro MP'!$J$2:$J$301,$T41),"") | D41: =IFERROR(INDEX('Registro MP'!$L$2:$L$301,$T41),"") | E41: =IFERROR(INDEX('Registro MP'!$N$2:$N$301,$T41),"") | T41: =IFERROR(_xludf.AGGREGATE(15,6,(ROW('Registro MP'!$A$2:$A$301)-ROW('Registro MP'!$A$2)+1)/('Registro MP'!$A$2:$A$301=$C$4),7),"")
B42: =IFERROR(INDEX('Registro MP'!$G$2:$G$301,$T42),"") | C42: =IFERROR(INDEX('Registro MP'!$J$2:$J$301,$T42),"") | D42: =IFERROR(INDEX('Registro MP'!$L$2:$L$301,$T42),"") | E42: =IFERROR(INDEX('Registro MP'!$N$2:$N$301,$T42),"") | T42: =IFERROR(_xludf.AGGREGATE(15,6,(ROW('Registro MP'!$A$2:$A$301)-ROW('Registro MP'!$A$2)+1)/('Registro MP'!$A$2:$A$301=$C$4),8),"")
B43: =IFERROR(INDEX('Registro MP'!$G$2:$G$301,$T43),"") | C43: =IFERROR(INDEX('Registro MP'!$J$2:$J$301,$T43),"") | D43: =IFERROR(INDEX('Registro MP'!$L$2:$L$301,$T43),"") | E43: =IFERROR(INDEX('Registro MP'!$N$2:$N$301,$T43),"") | T43: =IFERROR(_xludf.AGGREGATE(15,6,(ROW('Registro MP'!$A$2:$A$301)-ROW('Registro MP'!$A$2)+1)/('Registro MP'!$A$2:$A$301=$C$4),9),"")
B44: =IFERROR(INDEX('Registro MP'!$G$2:$G$301,$T44),"") | C44: =IFERROR(INDEX('Registro MP'!$J$2:$J$301,$T44),"") | D44: =IFERROR(INDEX('Registro MP'!$L$2:$L$301,$T44),"") | E44: =IFERROR(INDEX('Registro MP'!$N$2:$N$301,$T44),"") | T44: =IFERROR(_xludf.AGGREGATE(15,6,(ROW('Registro MP'!$A$2:$A$301)-ROW('Registro MP'!$A$2)+1)/('Registro MP'!$A$2:$A$301=$C$4),10),"")
B46: PENDIENTES DEL EQUIPO
B47: Tipo | C47: Estado | D47: Vence | E47: Responsable | F47: Descripción
B48: =IFERROR(INDEX(Pendientes!$D$2:$D$301,$T48),"") | C48: =IFERROR(INDEX(Pendientes!$H$2:$H$301,$T48),"") | D48: =IFERROR(INDEX(Pendientes!$E$2:$E$301,$T48),"") | E48: =IFERROR(INDEX(Pendientes!$J$2:$J$301,$T48),"") | F48: =IFERROR(INDEX(Pendientes!$M$2:$M$301,$T48),"") | T48: =IFERROR(_xludf.AGGREGATE(15,6,(ROW(Pendientes!$C$2:$C$301)-ROW(Pendientes!$C$2)+1)/(Pendientes!$C$2:$C$301=$C$4),1),"")
B49: =IFERROR(INDEX(Pendientes!$D$2:$D$301,$T49),"") | C49: =IFERROR(INDEX(Pendientes!$H$2:$H$301,$T49),"") | D49: =IFERROR(INDEX(Pendientes!$E$2:$E$301,$T49),"") | E49: =IFERROR(INDEX(Pendientes!$J$2:$J$301,$T49),"") | F49: =IFERROR(INDEX(Pendientes!$M$2:$M$301,$T49),"") | T49: =IFERROR(_xludf.AGGREGATE(15,6,(ROW(Pendientes!$C$2:$C$301)-ROW(Pendientes!$C$2)+1)/(Pendientes!$C$2:$C$301=$C$4),2),"")
B50: =IFERROR(INDEX(Pendientes!$D$2:$D$301,$T50),"") | C50: =IFERROR(INDEX(Pendientes!$H$2:$H$301,$T50),"") | D50: =IFERROR(INDEX(Pendientes!$E$2:$E$301,$T50),"") | E50: =IFERROR(INDEX(Pendientes!$J$2:$J$301,$T50),"") | F50: =IFERROR(INDEX(Pendientes!$M$2:$M$301,$T50),"") | T50: =IFERROR(_xludf.AGGREGATE(15,6,(ROW(Pendientes!$C$2:$C$301)-ROW(Pendientes!$C$2)+1)/(Pendientes!$C$2:$C$301=$C$4),3),"")
B51: =IFERROR(INDEX(Pendientes!$D$2:$D$301,$T51),"") | C51: =IFERROR(INDEX(Pendientes!$H$2:$H$301,$T51),"") | D51: =IFERROR(INDEX(Pendientes!$E$2:$E$301,$T51),"") | E51: =IFERROR(INDEX(Pendientes!$J$2:$J$301,$T51),"") | F51: =IFERROR(INDEX(Pendientes!$M$2:$M$301,$T51),"") | T51: =IFERROR(_xludf.AGGREGATE(15,6,(ROW(Pendientes!$C$2:$C$301)-ROW(Pendientes!$C$2)+1)/(Pendientes!$C$2:$C$301=$C$4),4),"")
B52: =IFERROR(INDEX(Pendientes!$D$2:$D$301,$T52),"") | C52: =IFERROR(INDEX(Pendientes!$H$2:$H$301,$T52),"") | D52: =IFERROR(INDEX(Pendientes!$E$2:$E$301,$T52),"") | E52: =IFERROR(INDEX(Pendientes!$J$2:$J$301,$T52),"") | F52: =IFERROR(INDEX(Pendientes!$M$2:$M$301,$T52),"") | T52: =IFERROR(_xludf.AGGREGATE(15,6,(ROW(Pendientes!$C$2:$C$301)-ROW(Pendientes!$C$2)+1)/(Pendientes!$C$2:$C$301=$C$4),5),"")
B53: =IFERROR(INDEX(Pendientes!$D$2:$D$301,$T53),"") | C53: =IFERROR(INDEX(Pendientes!$H$2:$H$301,$T53),"") | D53: =IFERROR(INDEX(Pendientes!$E$2:$E$301,$T53),"") | E53: =IFERROR(INDEX(Pendientes!$J$2:$J$301,$T53),"") | F53: =IFERROR(INDEX(Pendientes!$M$2:$M$301,$T53),"") | T53: =IFERROR(_xludf.AGGREGATE(15,6,(ROW(Pendientes!$C$2:$C$301)-ROW(Pendientes!$C$2)+1)/(Pendientes!$C$2:$C$301=$C$4),6),"")

Sheet Tablero
A1: Tablero
A2: Operatividad correctiva en tiempo real y avance del programa preventivo 2026 · se actualiza solo al cargar datos
A3: Hoy: | B3: =TODAY() -> 46191
A5: Casos abiertos | B5: Equipos No Operativos | C5: En Servicio Técnico | D5: Dados de baja | E5: Casos cerrados | F5: Pendientes documentales
A6: =COUNTIF('1. Órdenes de Trabajo'!$J$2:$J$301,"Abierto") -> 11 | B6: =COUNTIFS('1. Órdenes de Trabajo'!$J$2:$J$301,"Abierto",'1. Órdenes de Trabajo'!$H$2:$H$301,"No Operativo") -> 11 | C6: =SUMPRODUCT(('5. Servicio Técnico (Envíos)'!$A$2:$A$301<>"")*('5. Servicio Técnico (Envíos)'!$I$2:$I$301="")) -> 8 | D6: =COUNTIF('6. Bajas'!$A$2:$A$301,"?*") -> 0 | E6: =COUNTIF('1. Órdenes de Trabajo'!$J$2:$J$301,"Cerrado") -> 4 | F6: =COUNTIF('4. Visitas Técnicas'!$L$2:$L$301,"No")+COUNTIF('5. Servicio Técnico (Envíos)'!$M$2:$M$301,"No") -> 2
A9: Folio SIGEM | B9: Equipo | C9: Servicio | D9: Estado actual | E9: Técnico asignado | F9: Fecha OT | G9: Días abierto | H9: Evento
A10: =IF('1. Órdenes de Trabajo'!$J2="Abierto",'1. Órdenes de Trabajo'!$A2,"") | B10: =IF('1. Órdenes de Trabajo'!$J2="Abierto",'1. Órdenes de Trabajo'!$E2,"") | C10: =IF('1. Órdenes de Trabajo'!$J2="Abierto",'1. Órdenes de Trabajo'!$I2,"") | D10: =IF('1. Órdenes de Trabajo'!$J2="Abierto",IF(COUNTIF('6. Bajas'!$A$2:$A$301,'1. Órdenes de Trabajo'!$A2)>0,"Baja",IF(SUMPRODUCT(('5. Servicio Técnico (Envíos)'!$A$2:$A$301='1. Órdenes de Trabajo'!$A2)*('5. Servicio Técnico (Envíos)'!$I$2:$I$301=""))>0,"Servicio Técnico",'1. Órdenes de Trabajo'!$H2)),"") | E10: =IF('1. Órdenes de Trabajo'!$J2="Abierto",'1. Órdenes de Trabajo'!$C2,"") | F10: =IF('1. Órdenes de Trabajo'!$J2="Abierto",'1. Órdenes de Trabajo'!$B2,"") | G10: =IF('1. Órdenes de Trabajo'!$J2="Abierto",IF('1. Órdenes de Trabajo'!$B2="","",TODAY()-DATE(VALUE(MID('1. Órdenes de Trabajo'!$B2,7,4)),VALUE(MID('1. Órdenes de Trabajo'!$B2,4,2)),VALUE(MID('1. Órdenes de Trabajo'!$B2,1,2)))),"") | H10: =IF('1. Órdenes de Trabajo'!$J2="Abierto",'1. Órdenes de Trabajo'!$J2,"")
A11: =IF('1. Órdenes de Trabajo'!$J3="Abierto",'1. Órdenes de Trabajo'!$A3,"") -> 2025-121109-19-18809 | B11: =IF('1. Órdenes de Trabajo'!$J3="Abierto",'1. Órdenes de Trabajo'!$E3,"") -> Ventilador Mecánico | C11: =IF('1. Órdenes de Trabajo'!$J3="Abierto",'1. Órdenes de Trabajo'!$I3,"") -> UPC Pediátrica | D11: =IF('1. Órdenes de Trabajo'!$J3="Abierto",IF(COUNTIF('6. Bajas'!$A$2:$A$301,'1. Órdenes de Trabajo'!$A3)>0,"Baja",IF(SUMPRODUCT(('5. Servicio Técnico (Envíos)'!$A$2:$A$301='1. Órdenes de Trabajo'!$A3)*('5. Servicio Técnico (Envíos)'!$I$2:$I$301=""))>0,"Servicio Técnico",'1. Órdenes de Trabajo'!$H3)),"") -> No Operativo | E11: =IF('1. Órdenes de Trabajo'!$J3="Abierto",'1. Órdenes de Trabajo'!$C3,"") -> Ricardo Matus Aroca | F11: =IF('1. Órdenes de Trabajo'!$J3="Abierto",'1. Órdenes de Trabajo'!$B3,"") -> 24-10-2025 | G11: =IF('1. Órdenes de Trabajo'!$J3="Abierto",IF('1. Órdenes de Trabajo'!$B3="","",TODAY()-DATE(VALUE(MID('1. Órdenes de Trabajo'!$B3,7,4)),VALUE(MID('1. Órdenes de Trabajo'!$B3,4,2)),VALUE(MID('1. Órdenes de Trabajo'!$B3,1,2)))),"") -> 237 | H11: =IF('1. Órdenes de Trabajo'!$J3="Abierto",'1. Órdenes de Trabajo'!$J3,"") -> Abierto
A12: =IF('1. Órdenes de Trabajo'!$J4="Abierto",'1. Órdenes de Trabajo'!$A4,"") | B12: =IF('1. Órdenes de Trabajo'!$J4="Abierto",'1. Órdenes de Trabajo'!$E4,"") | C12: =IF('1. Órdenes de Trabajo'!$J4="Abierto",'1. Órdenes de Trabajo'!$I4,"") | D12: =IF('1. Órdenes de Trabajo'!$J4="Abierto",IF(COUNTIF('6. Bajas'!$A$2:$A$301,'1. Órdenes de Trabajo'!$A4)>0,"Baja",IF(SUMPRODUCT(('5. Servicio Técnico (Envíos)'!$A$2:$A$301='1. Órdenes de Trabajo'!$A4)*('5. Servicio Técnico (Envíos)'!$I$2:$I$301=""))>0,"Servicio Técnico",'1. Órdenes de Trabajo'!$H4)),"") | E12: =IF('1. Órdenes de Trabajo'!$J4="Abierto",'1. Órdenes de Trabajo'!$C4,"") | F12: =IF('1. Órdenes de Trabajo'!$J4="Abierto",'1. Órdenes de Trabajo'!$B4,"") | G12: =IF('1. Órdenes de Trabajo'!$J4="Abierto",IF('1. Órdenes de Trabajo'!$B4="","",TODAY()-DATE(VALUE(MID('1. Órdenes de Trabajo'!$B4,7,4)),VALUE(MID('1. Órdenes de Trabajo'!$B4,4,2)),VALUE(MID('1. Órdenes de Trabajo'!$B4,1,2)))),"") | H12: =IF('1. Órdenes de Trabajo'!$J4="Abierto",'1. Órdenes de Trabajo'!$J4,"")
A13: =IF('1. Órdenes de Trabajo'!$J5="Abierto",'1. Órdenes de Trabajo'!$A5,"") | B13: =IF('1. Órdenes de Trabajo'!$J5="Abierto",'1. Órdenes de Trabajo'!$E5,"") | C13: =IF('1. Órdenes de Trabajo'!$J5="Abierto",'1. Órdenes de Trabajo'!$I5,"") | D13: =IF('1. Órdenes de Trabajo'!$J5="Abierto",IF(COUNTIF('6. Bajas'!$A$2:$A$301,'1. Órdenes de Trabajo'!$A5)>0,"Baja",IF(SUMPRODUCT(('5. Servicio Técnico (Envíos)'!$A$2:$A$301='1. Órdenes de Trabajo'!$A5)*('5. Servicio Técnico (Envíos)'!$I$2:$I$301=""))>0,"Servicio Técnico",'1. Órdenes de Trabajo'!$H5)),"") | E13: =IF('1. Órdenes de Trabajo'!$J5="Abierto",'1. Órdenes de Trabajo'!$C5,"") | F13: =IF('1. Órdenes de Trabajo'!$J5="Abierto",'1. Órdenes de Trabajo'!$B5,"") | G13: =IF('1. Órdenes de Trabajo'!$J5="Abierto",IF('1. Órdenes de Trabajo'!$B5="","",TODAY()-DATE(VALUE(MID('1. Órdenes de Trabajo'!$B5,7,4)),VALUE(MID('1. Órdenes de Trabajo'!$B5,4,2)),VALUE(MID('1. Órdenes de Trabajo'!$B5,1,2)))),"") | H13: =IF('1. Órdenes de Trabajo'!$J5="Abierto",'1. Órdenes de Trabajo'!$J5,"")
A14: =IF('1. Órdenes de Trabajo'!$J6="Abierto",'1. Órdenes de Trabajo'!$A6,"") -> 2026-121109-19-6215 | B14: =IF('1. Órdenes de Trabajo'!$J6="Abierto",'1. Órdenes de Trabajo'!$E6,"") -> Máquina Diálisis | C14: =IF('1. Órdenes de Trabajo'!$J6="Abierto",'1. Órdenes de Trabajo'!$I6,"") -> Hemodiálisis | D14: =IF('1. Órdenes de Trabajo'!$J6="Abierto",IF(COUNTIF('6. Bajas'!$A$2:$A$301,'1. Órdenes de Trabajo'!$A6)>0,"Baja",IF(SUMPRODUCT(('5. Servicio Técnico (Envíos)'!$A$2:$A$301='1. Órdenes de Trabajo'!$A6)*('5. Servicio Técnico (Envíos)'!$I$2:$I$301=""))>0,"Servicio Técnico",'1. Órdenes de Trabajo'!$H6)),"") -> No Operativo | E14: =IF('1. Órdenes de Trabajo'!$J6="Abierto",'1. Órdenes de Trabajo'!$C6,"") -> Cristián Beltrán Oviedo | F14: =IF('1. Órdenes de Trabajo'!$J6="Abierto",'1. Órdenes de Trabajo'!$B6,"") -> 06-04-2026 | G14: =IF('1. Órdenes de Trabajo'!$J6="Abierto",IF('1. Órdenes de Trabajo'!$B6="","",TODAY()-DATE(VALUE(MID('1. Órdenes de Trabajo'!$B6,7,4)),VALUE(MID('1. Órdenes de Trabajo'!$B6,4,2)),VALUE(MID('1. Órdenes de Trabajo'!$B6,1,2)))),"") -> 73 | H14: =IF('1. Órdenes de Trabajo'!$J6="Abierto",'1. Órdenes de Trabajo'!$J6,"") -> Abierto
A15: =IF('1. Órdenes de Trabajo'!$J7="Abierto",'1. Órdenes de Trabajo'!$A7,"") -> 2026-121109-19-6271 | B15: =IF('1. Órdenes de Trabajo'!$J7="Abierto",'1. Órdenes de Trabajo'!$E7,"") -> Ventilador Mecánico | C15: =IF('1. Órdenes de Trabajo'!$J7="Abierto",'1. Órdenes de Trabajo'!$I7,"") -> UPC 3er Piso | D15: =IF('1. Órdenes de Trabajo'!$J7="Abierto",IF(COUNTIF('6. Bajas'!$A$2:$A$301,'1. Órdenes de Trabajo'!$A7)>0,"Baja",IF(SUMPRODUCT(('5. Servicio Técnico (Envíos)'!$A$2:$A$301='1. Órdenes de Trabajo'!$A7)*('5. Servicio Técnico (Envíos)'!$I$2:$I$301=""))>0,"Servicio Técnico",'1. Órdenes de Trabajo'!$H7)),"") -> Servicio Técnico | E15: =IF('1. Órdenes de Trabajo'!$J7="Abierto",'1. Órdenes de Trabajo'!$C7,"") -> Ricardo Matus Aroca | F15: =IF('1. Órdenes de Trabajo'!$J7="Abierto",'1. Órdenes de Trabajo'!$B7,"") -> 07-04-2026 | G15: =IF('1. Órdenes de Trabajo'!$J7="Abierto",IF('1. Órdenes de Trabajo'!$B7="","",TODAY()-DATE(VALUE(MID('1. Órdenes de Trabajo'!$B7,7,4)),VALUE(MID('1. Órdenes de Trabajo'!$B7,4,2)),VALUE(MID('1. Órdenes de Trabajo'!$B7,1,2)))),"") -> 72 | H15: =IF('1. Órdenes de Trabajo'!$J7="Abierto",'1. Órdenes de Trabajo'!$J7,"") -> Abierto
A16: =IF('1. Órdenes de Trabajo'!$J8="Abierto",'1. Órdenes de Trabajo'!$A8,"") -> 2026-121109-19-6374 | B16: =IF('1. Órdenes de Trabajo'!$J8="Abierto",'1. Órdenes de Trabajo'!$E8,"") -> Ventilador Mecánico | C16: =IF('1. Órdenes de Trabajo'!$J8="Abierto",'1. Órdenes de Trabajo'!$I8,"") -> UPC 3er Piso | D16: =IF('1. Órdenes de Trabajo'!$J8="Abierto",IF(COUNTIF('6. Bajas'!$A$2:$A$301,'1. Órdenes de Trabajo'!$A8)>0,"Baja",IF(SUMPRODUCT(('5. Servicio Técnico (Envíos)'!$A$2:$A$301='1. Órdenes de Trabajo'!$A8)*('5. Servicio Técnico (Envíos)'!$I$2:$I$301=""))>0,"Servicio Técnico",'1. Órdenes de Trabajo'!$H8)),"") -> Servicio Técnico | E16: =IF('1. Órdenes de Trabajo'!$J8="Abierto",'1. Órdenes de Trabajo'!$C8,"") -> Ricardo Matus Aroca | F16: =IF('1. Órdenes de Trabajo'!$J8="Abierto",'1. Órdenes de Trabajo'!$B8,"") -> 08-04-2026 | G16: =IF('1. Órdenes de Trabajo'!$J8="Abierto",IF('1. Órdenes de Trabajo'!$B8="","",TODAY()-DATE(VALUE(MID('1. Órdenes de Trabajo'!$B8,7,4)),VALUE(MID('1. Órdenes de Trabajo'!$B8,4,2)),VALUE(MID('1. Órdenes de Trabajo'!$B8,1,2)))),"") -> 71 | H16: =IF('1. Órdenes de Trabajo'!$J8="Abierto",'1. Órdenes de Trabajo'!$J8,"") -> Abierto
A17: =IF('1. Órdenes de Trabajo'!$J9="Abierto",'1. Órdenes de Trabajo'!$A9,"") | B17: =IF('1. Órdenes de Trabajo'!$J9="Abierto",'1. Órdenes de Trabajo'!$E9,"") | C17: =IF('1. Órdenes de Trabajo'!$J9="Abierto",'1. Órdenes de Trabajo'!$I9,"") | D17: =IF('1. Órdenes de Trabajo'!$J9="Abierto",IF(COUNTIF('6. Bajas'!$A$2:$A$301,'1. Órdenes de Trabajo'!$A9)>0,"Baja",IF(SUMPRODUCT(('5. Servicio Técnico (Envíos)'!$A$2:$A$301='1. Órdenes de Trabajo'!$A9)*('5. Servicio Técnico (Envíos)'!$I$2:$I$301=""))>0,"Servicio Técnico",'1. Órdenes de Trabajo'!$H9)),"") | E17: =IF('1. Órdenes de Trabajo'!$J9="Abierto",'1. Órdenes de Trabajo'!$C9,"") | F17: =IF('1. Órdenes de Trabajo'!$J9="Abierto",'1. Órdenes de Trabajo'!$B9,"") | G17: =IF('1. Órdenes de Trabajo'!$J9="Abierto",IF('1. Órdenes de Trabajo'!$B9="","",TODAY()-DATE(VALUE(MID('1. Órdenes de Trabajo'!$B9,7,4)),VALUE(MID('1. Órdenes de Trabajo'!$B9,4,2)),VALUE(MID('1. Órdenes de Trabajo'!$B9,1,2)))),"") | H17: =IF('1. Órdenes de Trabajo'!$J9="Abierto",'1. Órdenes de Trabajo'!$J9,"")
A18: =IF('1. Órdenes de Trabajo'!$J10="Abierto",'1. Órdenes de Trabajo'!$A10,"") -> 2026-121109-19-7762 | B18: =IF('1. Órdenes de Trabajo'!$J10="Abierto",'1. Órdenes de Trabajo'!$E10,"") -> Monitor Multiparámetros | C18: =IF('1. Órdenes de Trabajo'!$J10="Abierto",'1. Órdenes de Trabajo'!$I10,"") -> Medicina | D18: =IF('1. Órdenes de Trabajo'!$J10="Abierto",IF(COUNTIF('6. Bajas'!$A$2:$A$301,'1. Órdenes de Trabajo'!$A10)>0,"Baja",IF(SUMPRODUCT(('5. Servicio Técnico (Envíos)'!$A$2:$A$301='1. Órdenes de Trabajo'!$A10)*('5. Servicio Técnico (Envíos)'!$I$2:$I$301=""))>0,"Servicio Técnico",'1. Órdenes de Trabajo'!$H10)),"") -> Servicio Técnico | E18: =IF('1. Órdenes de Trabajo'!$J10="Abierto",'1. Órdenes de Trabajo'!$C10,"") -> Carlos Bahamondes Seguel | F18: =IF('1. Órdenes de Trabajo'!$J10="Abierto",'1. Órdenes de Trabajo'!$B10,"") -> 27-04-2026 | G18: =IF('1. Órdenes de Trabajo'!$J10="Abierto",IF('1. Órdenes de Trabajo'!$B10="","",TODAY()-DATE(VALUE(MID('1. Órdenes de Trabajo'!$B10,7,4)),VALUE(MID('1. Órdenes de Trabajo'!$B10,4,2)),VALUE(MID('1. Órdenes de Trabajo'!$B10,1,2)))),"") -> 52 | H18: =IF('1. Órdenes de Trabajo'!$J10="Abierto",'1. Órdenes de Trabajo'!$J10,"") -> Abierto
A19: =IF('1. Órdenes de Trabajo'!$J11="Abierto",'1. Órdenes de Trabajo'!$A11,"") -> 2026-121109-19-9046 | B19: =IF('1. Órdenes de Trabajo'!$J11="Abierto",'1. Órdenes de Trabajo'!$E11,"") -> Monitor Multiparámetros | C19: =IF('1. Órdenes de Trabajo'!$J11="Abierto",'1. Órdenes de Trabajo'!$I11,"") -> Medicina | D19: =IF('1. Órdenes de Trabajo'!$J11="Abierto",IF(COUNTIF('6. Bajas'!$A$2:$A$301,'1. Órdenes de Trabajo'!$A11)>0,"Baja",IF(SUMPRODUCT(('5. Servicio Técnico (Envíos)'!$A$2:$A$301='1. Órdenes de Trabajo'!$A11)*('5. Servicio Técnico (Envíos)'!$I$2:$I$301=""))>0,"Servicio Técnico",'1. Órdenes de Trabajo'!$H11)),"") -> Servicio Técnico | E19: =IF('1. Órdenes de Trabajo'!$J11="Abierto",'1. Órdenes de Trabajo'!$C11,"") -> Carlos Bahamondes Seguel | F19: =IF('1. Órdenes de Trabajo'!$J11="Abierto",'1. Órdenes de Trabajo'!$B11,"") -> 14-05-2026 | G19: =IF('1. Órdenes de Trabajo'!$J11="Abierto",IF('1. Órdenes de Trabajo'!$B11="","",TODAY()-DATE(VALUE(MID('1. Órdenes de Trabajo'!$B11,7,4)),VALUE(MID('1. Órdenes de Trabajo'!$B11,4,2)),VALUE(MID('1. Órdenes de Trabajo'!$B11,1,2)))),"") -> 35 | H19: =IF('1. Órdenes de Trabajo'!$J11="Abierto",'1. Órdenes de Trabajo'!$J11,"") -> Abierto
A20: =IF('1. Órdenes de Trabajo'!$J12="Abierto",'1. Órdenes de Trabajo'!$A12,"") -> 2026-121109-19-9887 | B20: =IF('1. Órdenes de Trabajo'!$J12="Abierto",'1. Órdenes de Trabajo'!$E12,"") -> Monitor Multiparámetros | C20: =IF('1. Órdenes de Trabajo'!$J12="Abierto",'1. Órdenes de Trabajo'!$I12,"") -> Pabellones Gineco-Obstétricos | D20: =IF('1. Órdenes de Trabajo'!$J12="Abierto",IF(COUNTIF('6. Bajas'!$A$2:$A$301,'1. Órdenes de Trabajo'!$A12)>0,"Baja",IF(SUMPRODUCT(('5. Servicio Técnico (Envíos)'!$A$2:$A$301='1. Órdenes de Trabajo'!$A12)*('5. Servicio Técnico (Envíos)'!$I$2:$I$301=""))>0,"Servicio Técnico",'1. Órdenes de Trabajo'!$H12)),"") -> Servicio Técnico | E20: =IF('1. Órdenes de Trabajo'!$J12="Abierto",'1. Órdenes de Trabajo'!$C12,"") -> Cristina Rozas Urrutia | F20: =IF('1. Órdenes de Trabajo'!$J12="Abierto",'1. Órdenes de Trabajo'!$B12,"") -> 28-05-2026 | G20: =IF('1. Órdenes de Trabajo'!$J12="Abierto",IF('1. Órdenes de Trabajo'!$B12="","",TODAY()-DATE(VALUE(MID('1. Órdenes de Trabajo'!$B12,7,4)),VALUE(MID('1. Órdenes de Trabajo'!$B12,4,2)),VALUE(MID('1. Órdenes de Trabajo'!$B12,1,2)))),"") -> 21 | H20: =IF('1. Órdenes de Trabajo'!$J12="Abierto",'1. Órdenes de Trabajo'!$J12,"") -> Abierto
A21: =IF('1. Órdenes de Trabajo'!$J13="Abierto",'1. Órdenes de Trabajo'!$A13,"") -> 2026-121109-19-10081 | B21: =IF('1. Órdenes de Trabajo'!$J13="Abierto",'1. Órdenes de Trabajo'!$E13,"") -> Máquina Diálisis | C21: =IF('1. Órdenes de Trabajo'!$J13="Abierto",'1. Órdenes de Trabajo'!$I13,"") -> UPC Adulto | D21: =IF('1. Órdenes de Trabajo'!$J13="Abierto",IF(COUNTIF('6. Bajas'!$A$2:$A$301,'1. Órdenes de Trabajo'!$A13)>0,"Baja",IF(SUMPRODUCT(('5. Servicio Técnico (Envíos)'!$A$2:$A$301='1. Órdenes de Trabajo'!$A13)*('5. Servicio Técnico (Envíos)'!$I$2:$I$301=""))>0,"Servicio Técnico",'1. Órdenes de Trabajo'!$H13)),"") -> No Operativo | E21: =IF('1. Órdenes de Trabajo'!$J13="Abierto",'1. Órdenes de Trabajo'!$C13,"") -> Cristián Beltrán Oviedo | F21: =IF('1. Órdenes de Trabajo'!$J13="Abierto",'1. Órdenes de Trabajo'!$B13,"") -> 01-06-2026 | G21: =IF('1. Órdenes de Trabajo'!$J13="Abierto",IF('1. Órdenes de Trabajo'!$B13="","",TODAY()-DATE(VALUE(MID('1. Órdenes de Trabajo'!$B13,7,4)),VALUE(MID('1. Órdenes de Trabajo'!$B13,4,2)),VALUE(MID('1. Órdenes de Trabajo'!$B13,1,2)))),"") -> 17 | H21: =IF('1. Órdenes de Trabajo'!$J13="Abierto",'1. Órdenes de Trabajo'!$J13,"") -> Abierto
... A89: =IF('1. Órdenes de Trabajo'!$J81="Abierto",'1. Órdenes de Trabajo'!$A81,"") | B89: =IF('1. Órdenes de Trabajo'!$J81="Abierto",'1. Órdenes de Trabajo'!$E81,"") | C89: =IF('1. Órdenes de Trabajo'!$J81="Abierto",'1. Órdenes de Trabajo'!$I81,"") | D89: =IF('1. Órdenes de Trabajo'!$J81="Abierto",IF(COUNTIF('6. Bajas'!$A$2:$A$301,'1. Órdenes de Trabajo'!$A81)>0,"Baja",IF(SUMPRODUCT(('5. Servicio Técnico (Envíos)'!$A$2:$A$301='1. Órdenes de Trabajo'!$A81)*('5. Servicio Técnico (Envíos)'!$I$2:$I$301=""))>0,"Servicio Técnico",'1. Órdenes de Trabajo'!$H81)),"") | E89: =IF('1. Órdenes de Trabajo'!$J81="Abierto",'1. Órdenes de Trabajo'!$C81,"") | F89: =IF('1. Órdenes de Trabajo'!$J81="Abierto",'1. Órdenes de Trabajo'!$B81,"") | G89: =IF('1. Órdenes de Trabajo'!$J81="Abierto",IF('1. Órdenes de Trabajo'!$B81="","",TODAY()-DATE(VALUE(MID('1. Órdenes de Trabajo'!$B81,7,4)),VALUE(MID('1. Órdenes de Trabajo'!$B81,4,2)),VALUE(MID('1. Órdenes de Trabajo'!$B81,1,2)))),"") | H89: =IF('1. Órdenes de Trabajo'!$J81="Abierto",'1. Órdenes de Trabajo'!$J81,"")
A91: Nota: el «Estado actual» se calcula así — si el equipo está en Bajas muestra «Baja»; si tiene un envío a servicio técnico sin retorno registrado muestra «Servicio Técnico»; en otro caso, el estado inicial de la OT. Solo se listan casos con evento «Abierto». Los días en rojo superan los 30.
A93: Pendientes documentales (equipo retornado/atendido, falta Reporte de Servicio)
A94: Incluye casos aunque la OT esté cerrada: el equipo opera, pero falta el respaldo documental para la carpeta física.
A95: Folio SIGEM | B95: Equipo | C95: Origen | D95: Empresa | E95: Resp. conseguir reporte | F95: Resp. administrativo | G95: Estado OT
A96: =IF('5. Servicio Técnico (Envíos)'!$M2="No",'5. Servicio Técnico (Envíos)'!$A2,"") -> 2025-121109-19-10024 | B96: =IF('5. Servicio Técnico (Envíos)'!$M2="No",IFERROR(VLOOKUP('5. Servicio Técnico (Envíos)'!$A2,'1. Órdenes de Trabajo'!$A$2:$E$301,5,FALSE()),""),"") -> Ventilador Mecánico | C96: =IF('5. Servicio Técnico (Envíos)'!$M2="No","Servicio técnico","") -> Servicio técnico | D96: =IF('5. Servicio Técnico (Envíos)'!$M2="No",'5. Servicio Técnico (Envíos)'!$E2,"") -> DRAGER CHILE LIMITADA | E96: =IF('5. Servicio Técnico (Envíos)'!$M2="No",'5. Servicio Técnico (Envíos)'!$N2,"") -> Ricardo Matus Aroca | F96: =IF('5. Servicio Técnico (Envíos)'!$M2="No",'5. Servicio Técnico (Envíos)'!$O2,"") -> Cristián Beltrán Oviedo | G96: =IF('5. Servicio Técnico (Envíos)'!$M2="No",IFERROR(VLOOKUP('5. Servicio Técnico (Envíos)'!$A2,'1. Órdenes de Trabajo'!$A$2:$J$301,10,FALSE()),""),"") -> Cerrado
A97: =IF('5. Servicio Técnico (Envíos)'!$M3="No",'5. Servicio Técnico (Envíos)'!$A3,"") | B97: =IF('5. Servicio Técnico (Envíos)'!$M3="No",IFERROR(VLOOKUP('5. Servicio Técnico (Envíos)'!$A3,'1. Órdenes de Trabajo'!$A$2:$E$301,5,FALSE()),""),"") | C97: =IF('5. Servicio Técnico (Envíos)'!$M3="No","Servicio técnico","") | D97: =IF('5. Servicio Técnico (Envíos)'!$M3="No",'5. Servicio Técnico (Envíos)'!$E3,"") | E97: =IF('5. Servicio Técnico (Envíos)'!$M3="No",'5. Servicio Técnico (Envíos)'!$N3,"") | F97: =IF('5. Servicio Técnico (Envíos)'!$M3="No",'5. Servicio Técnico (Envíos)'!$O3,"") | G97: =IF('5. Servicio Técnico (Envíos)'!$M3="No",IFERROR(VLOOKUP('5. Servicio Técnico (Envíos)'!$A3,'1. Órdenes de Trabajo'!$A$2:$J$301,10,FALSE()),""),"")
A98: =IF('5. Servicio Técnico (Envíos)'!$M4="No",'5. Servicio Técnico (Envíos)'!$A4,"") | B98: =IF('5. Servicio Técnico (Envíos)'!$M4="No",IFERROR(VLOOKUP('5. Servicio Técnico (Envíos)'!$A4,'1. Órdenes de Trabajo'!$A$2:$E$301,5,FALSE()),""),"") | C98: =IF('5. Servicio Técnico (Envíos)'!$M4="No","Servicio técnico","") | D98: =IF('5. Servicio Técnico (Envíos)'!$M4="No",'5. Servicio Técnico (Envíos)'!$E4,"") | E98: =IF('5. Servicio Técnico (Envíos)'!$M4="No",'5. Servicio Técnico (Envíos)'!$N4,"") | F98: =IF('5. Servicio Técnico (Envíos)'!$M4="No",'5. Servicio Técnico (Envíos)'!$O4,"") | G98: =IF('5. Servicio Técnico (Envíos)'!$M4="No",IFERROR(VLOOKUP('5. Servicio Técnico (Envíos)'!$A4,'1. Órdenes de Trabajo'!$A$2:$J$301,10,FALSE()),""),"")
A99: =IF('5. Servicio Técnico (Envíos)'!$M5="No",'5. Servicio Técnico (Envíos)'!$A5,"") | B99: =IF('5. Servicio Técnico (Envíos)'!$M5="No",IFERROR(VLOOKUP('5. Servicio Técnico (Envíos)'!$A5,'1. Órdenes de Trabajo'!$A$2:$E$301,5,FALSE()),""),"") | C99: =IF('5. Servicio Técnico (Envíos)'!$M5="No","Servicio técnico","") | D99: =IF('5. Servicio Técnico (Envíos)'!$M5="No",'5. Servicio Técnico (Envíos)'!$E5,"") | E99: =IF('5. Servicio Técnico (Envíos)'!$M5="No",'5. Servicio Técnico (Envíos)'!$N5,"") | F99: =IF('5. Servicio Técnico (Envíos)'!$M5="No",'5. Servicio Técnico (Envíos)'!$O5,"") | G99: =IF('5. Servicio Técnico (Envíos)'!$M5="No",IFERROR(VLOOKUP('5. Servicio Técnico (Envíos)'!$A5,'1. Órdenes de Trabajo'!$A$2:$J$301,10,FALSE()),""),"")
A100: =IF('5. Servicio Técnico (Envíos)'!$M6="No",'5. Servicio Técnico (Envíos)'!$A6,"") | B100: =IF('5. Servicio Técnico (Envíos)'!$M6="No",IFERROR(VLOOKUP('5. Servicio Técnico (Envíos)'!$A6,'1. Órdenes de Trabajo'!$A$2:$E$301,5,FALSE()),""),"") | C100: =IF('5. Servicio Técnico (Envíos)'!$M6="No","Servicio técnico","") | D100: =IF('5. Servicio Técnico (Envíos)'!$M6="No",'5. Servicio Técnico (Envíos)'!$E6,"") | E100: =IF('5. Servicio Técnico (Envíos)'!$M6="No",'5. Servicio Técnico (Envíos)'!$N6,"") | F100: =IF('5. Servicio Técnico (Envíos)'!$M6="No",'5. Servicio Técnico (Envíos)'!$O6,"") | G100: =IF('5. Servicio Técnico (Envíos)'!$M6="No",IFERROR(VLOOKUP('5. Servicio Técnico (Envíos)'!$A6,'1. Órdenes de Trabajo'!$A$2:$J$301,10,FALSE()),""),"")
A101: =IF('5. Servicio Técnico (Envíos)'!$M7="No",'5. Servicio Técnico (Envíos)'!$A7,"") | B101: =IF('5. Servicio Técnico (Envíos)'!$M7="No",IFERROR(VLOOKUP('5. Servicio Técnico (Envíos)'!$A7,'1. Órdenes de Trabajo'!$A$2:$E$301,5,FALSE()),""),"") | C101: =IF('5. Servicio Técnico (Envíos)'!$M7="No","Servicio técnico","") | D101: =IF('5. Servicio Técnico (Envíos)'!$M7="No",'5. Servicio Técnico (Envíos)'!$E7,"") | E101: =IF('5. Servicio Técnico (Envíos)'!$M7="No",'5. Servicio Técnico (Envíos)'!$N7,"") | F101: =IF('5. Servicio Técnico (Envíos)'!$M7="No",'5. Servicio Técnico (Envíos)'!$O7,"") | G101: =IF('5. Servicio Técnico (Envíos)'!$M7="No",IFERROR(VLOOKUP('5. Servicio Técnico (Envíos)'!$A7,'1. Órdenes de Trabajo'!$A$2:$J$301,10,FALSE()),""),"")
A102: =IF('5. Servicio Técnico (Envíos)'!$M8="No",'5. Servicio Técnico (Envíos)'!$A8,"") | B102: =IF('5. Servicio Técnico (Envíos)'!$M8="No",IFERROR(VLOOKUP('5. Servicio Técnico (Envíos)'!$A8,'1. Órdenes de Trabajo'!$A$2:$E$301,5,FALSE()),""),"") | C102: =IF('5. Servicio Técnico (Envíos)'!$M8="No","Servicio técnico","") | D102: =IF('5. Servicio Técnico (Envíos)'!$M8="No",'5. Servicio Técnico (Envíos)'!$E8,"") | E102: =IF('5. Servicio Técnico (Envíos)'!$M8="No",'5. Servicio Técnico (Envíos)'!$N8,"") | F102: =IF('5. Servicio Técnico (Envíos)'!$M8="No",'5. Servicio Técnico (Envíos)'!$O8,"") | G102: =IF('5. Servicio Técnico (Envíos)'!$M8="No",IFERROR(VLOOKUP('5. Servicio Técnico (Envíos)'!$A8,'1. Órdenes de Trabajo'!$A$2:$J$301,10,FALSE()),""),"")
A103: =IF('5. Servicio Técnico (Envíos)'!$M9="No",'5. Servicio Técnico (Envíos)'!$A9,"") | B103: =IF('5. Servicio Técnico (Envíos)'!$M9="No",IFERROR(VLOOKUP('5. Servicio Técnico (Envíos)'!$A9,'1. Órdenes de Trabajo'!$A$2:$E$301,5,FALSE()),""),"") | C103: =IF('5. Servicio Técnico (Envíos)'!$M9="No","Servicio técnico","") | D103: =IF('5. Servicio Técnico (Envíos)'!$M9="No",'5. Servicio Técnico (Envíos)'!$E9,"") | E103: =IF('5. Servicio Técnico (Envíos)'!$M9="No",'5. Servicio Técnico (Envíos)'!$N9,"") | F103: =IF('5. Servicio Técnico (Envíos)'!$M9="No",'5. Servicio Técnico (Envíos)'!$O9,"") | G103: =IF('5. Servicio Técnico (Envíos)'!$M9="No",IFERROR(VLOOKUP('5. Servicio Técnico (Envíos)'!$A9,'1. Órdenes de Trabajo'!$A$2:$J$301,10,FALSE()),""),"")
A104: =IF('5. Servicio Técnico (Envíos)'!$M10="No",'5. Servicio Técnico (Envíos)'!$A10,"") | B104: =IF('5. Servicio Técnico (Envíos)'!$M10="No",IFERROR(VLOOKUP('5. Servicio Técnico (Envíos)'!$A10,'1. Órdenes de Trabajo'!$A$2:$E$301,5,FALSE()),""),"") | C104: =IF('5. Servicio Técnico (Envíos)'!$M10="No","Servicio técnico","") | D104: =IF('5. Servicio Técnico (Envíos)'!$M10="No",'5. Servicio Técnico (Envíos)'!$E10,"") | E104: =IF('5. Servicio Técnico (Envíos)'!$M10="No",'5. Servicio Técnico (Envíos)'!$N10,"") | F104: =IF('5. Servicio Técnico (Envíos)'!$M10="No",'5. Servicio Técnico (Envíos)'!$O10,"") | G104: =IF('5. Servicio Técnico (Envíos)'!$M10="No",IFERROR(VLOOKUP('5. Servicio Técnico (Envíos)'!$A10,'1. Órdenes de Trabajo'!$A$2:$J$301,10,FALSE()),""),"")
A105: =IF('5. Servicio Técnico (Envíos)'!$M11="No",'5. Servicio Técnico (Envíos)'!$A11,"") | B105: =IF('5. Servicio Técnico (Envíos)'!$M11="No",IFERROR(VLOOKUP('5. Servicio Técnico (Envíos)'!$A11,'1. Órdenes de Trabajo'!$A$2:$E$301,5,FALSE()),""),"") | C105: =IF('5. Servicio Técnico (Envíos)'!$M11="No","Servicio técnico","") | D105: =IF('5. Servicio Técnico (Envíos)'!$M11="No",'5. Servicio Técnico (Envíos)'!$E11,"") | E105: =IF('5. Servicio Técnico (Envíos)'!$M11="No",'5. Servicio Técnico (Envíos)'!$N11,"") | F105: =IF('5. Servicio Técnico (Envíos)'!$M11="No",'5. Servicio Técnico (Envíos)'!$O11,"") | G105: =IF('5. Servicio Técnico (Envíos)'!$M11="No",IFERROR(VLOOKUP('5. Servicio Técnico (Envíos)'!$A11,'1. Órdenes de Trabajo'!$A$2:$J$301,10,FALSE()),""),"")
A106: =IF('5. Servicio Técnico (Envíos)'!$M12="No",'5. Servicio Técnico (Envíos)'!$A12,"") | B106: =IF('5. Servicio Técnico (Envíos)'!$M12="No",IFERROR(VLOOKUP('5. Servicio Técnico (Envíos)'!$A12,'1. Órdenes de Trabajo'!$A$2:$E$301,5,FALSE()),""),"") | C106: =IF('5. Servicio Técnico (Envíos)'!$M12="No","Servicio técnico","") | D106: =IF('5. Servicio Técnico (Envíos)'!$M12="No",'5. Servicio Técnico (Envíos)'!$E12,"") | E106: =IF('5. Servicio Técnico (Envíos)'!$M12="No",'5. Servicio Técnico (Envíos)'!$N12,"") | F106: =IF('5. Servicio Técnico (Envíos)'!$M12="No",'5. Servicio Técnico (Envíos)'!$O12,"") | G106: =IF('5. Servicio Técnico (Envíos)'!$M12="No",IFERROR(VLOOKUP('5. Servicio Técnico (Envíos)'!$A12,'1. Órdenes de Trabajo'!$A$2:$J$301,10,FALSE()),""),"")
A107: =IF('5. Servicio Técnico (Envíos)'!$M13="No",'5. Servicio Técnico (Envíos)'!$A13,"") | B107: =IF('5. Servicio Técnico (Envíos)'!$M13="No",IFERROR(VLOOKUP('5. Servicio Técnico (Envíos)'!$A13,'1. Órdenes de Trabajo'!$A$2:$E$301,5,FALSE()),""),"") | C107: =IF('5. Servicio Técnico (Envíos)'!$M13="No","Servicio técnico","") | D107: =IF('5. Servicio Técnico (Envíos)'!$M13="No",'5. Servicio Técnico (Envíos)'!$E13,"") | E107: =IF('5. Servicio Técnico (Envíos)'!$M13="No",'5. Servicio Técnico (Envíos)'!$N13,"") | F107: =IF('5. Servicio Técnico (Envíos)'!$M13="No",'5. Servicio Técnico (Envíos)'!$O13,"") | G107: =IF('5. Servicio Técnico (Envíos)'!$M13="No",IFERROR(VLOOKUP('5. Servicio Técnico (Envíos)'!$A13,'1. Órdenes de Trabajo'!$A$2:$J$301,10,FALSE()),""),"")
... A135: =IF('5. Servicio Técnico (Envíos)'!$M41="No",'5. Servicio Técnico (Envíos)'!$A41,"") | B135: =IF('5. Servicio Técnico (Envíos)'!$M41="No",IFERROR(VLOOKUP('5. Servicio Técnico (Envíos)'!$A41,'1. Órdenes de Trabajo'!$A$2:$E$301,5,FALSE()),""),"") | C135: =IF('5. Servicio Técnico (Envíos)'!$M41="No","Servicio técnico","") | D135: =IF('5. Servicio Técnico (Envíos)'!$M41="No",'5. Servicio Técnico (Envíos)'!$E41,"") | E135: =IF('5. Servicio Técnico (Envíos)'!$M41="No",'5. Servicio Técnico (Envíos)'!$N41,"") | F135: =IF('5. Servicio Técnico (Envíos)'!$M41="No",'5. Servicio Técnico (Envíos)'!$O41,"") | G135: =IF('5. Servicio Técnico (Envíos)'!$M41="No",IFERROR(VLOOKUP('5. Servicio Técnico (Envíos)'!$A41,'1. Órdenes de Trabajo'!$A$2:$J$301,10,FALSE()),""),"")
A136: =IF('4. Visitas Técnicas'!$L2="No",'4. Visitas Técnicas'!$A2,"") -> 2025-121109-19-10024 | B136: =IF('4. Visitas Técnicas'!$L2="No",IFERROR(VLOOKUP('4. Visitas Técnicas'!$A2,'1. Órdenes de Trabajo'!$A$2:$E$301,5,FALSE()),""),"") -> Ventilador Mecánico | C136: =IF('4. Visitas Técnicas'!$L2="No","Visita técnica","") -> Visita técnica | D136: =IF('4. Visitas Técnicas'!$L2="No",'4. Visitas Técnicas'!$C2,"") -> DRAGER CHILE LIMITADA | E136: =IF('4. Visitas Técnicas'!$L2="No",'4. Visitas Técnicas'!$M2,"") -> Ricardo Matus Aroca | F136: =IF('4. Visitas Técnicas'!$L2="No",'4. Visitas Técnicas'!$N2,"") -> Cristián Beltrán Oviedo | G136: =IF('4. Visitas Técnicas'!$L2="No",IFERROR(VLOOKUP('4. Visitas Técnicas'!$A2,'1. Órdenes de Trabajo'!$A$2:$J$301,10,FALSE()),""),"") -> Cerrado
A137: =IF('4. Visitas Técnicas'!$L3="No",'4. Visitas Técnicas'!$A3,"") | B137: =IF('4. Visitas Técnicas'!$L3="No",IFERROR(VLOOKUP('4. Visitas Técnicas'!$A3,'1. Órdenes de Trabajo'!$A$2:$E$301,5,FALSE()),""),"") | C137: =IF('4. Visitas Técnicas'!$L3="No","Visita técnica","") | D137: =IF('4. Visitas Técnicas'!$L3="No",'4. Visitas Técnicas'!$C3,"") | E137: =IF('4. Visitas Técnicas'!$L3="No",'4. Visitas Técnicas'!$M3,"") | F137: =IF('4. Visitas Técnicas'!$L3="No",'4. Visitas Técnicas'!$N3,"") | G137: =IF('4. Visitas Técnicas'!$L3="No",IFERROR(VLOOKUP('4. Visitas Técnicas'!$A3,'1. Órdenes de Trabajo'!$A$2:$J$301,10,FALSE()),""),"")
A138: =IF('4. Visitas Técnicas'!$L4="No",'4. Visitas Técnicas'!$A4,"") | B138: =IF('4. Visitas Técnicas'!$L4="No",IFERROR(VLOOKUP('4. Visitas Técnicas'!$A4,'1. Órdenes de Trabajo'!$A$2:$E$301,5,FALSE()),""),"") | C138: =IF('4. Visitas Técnicas'!$L4="No","Visita técnica","") | D138: =IF('4. Visitas Técnicas'!$L4="No",'4. Visitas Técnicas'!$C4,"") | E138: =IF('4. Visitas Técnicas'!$L4="No",'4. Visitas Técnicas'!$M4,"") | F138: =IF('4. Visitas Técnicas'!$L4="No",'4. Visitas Técnicas'!$N4,"") | G138: =IF('4. Visitas Técnicas'!$L4="No",IFERROR(VLOOKUP('4. Visitas Técnicas'!$A4,'1. Órdenes de Trabajo'!$A$2:$J$301,10,FALSE()),""),"")
A139: =IF('4. Visitas Técnicas'!$L5="No",'4. Visitas Técnicas'!$A5,"") | B139: =IF('4. Visitas Técnicas'!$L5="No",IFERROR(VLOOKUP('4. Visitas Técnicas'!$A5,'1. Órdenes de Trabajo'!$A$2:$E$301,5,FALSE()),""),"") | C139: =IF('4. Visitas Técnicas'!$L5="No","Visita técnica","") | D139: =IF('4. Visitas Técnicas'!$L5="No",'4. Visitas Técnicas'!$C5,"") | E139: =IF('4. Visitas Técnicas'!$L5="No",'4. Visitas Técnicas'!$M5,"") | F139: =IF('4. Visitas Técnicas'!$L5="No",'4. Visitas Técnicas'!$N5,"") | G139: =IF('4. Visitas Técnicas'!$L5="No",IFERROR(VLOOKUP('4. Visitas Técnicas'!$A5,'1. Órdenes de Trabajo'!$A$2:$J$301,10,FALSE()),""),"")
A140: =IF('4. Visitas Técnicas'!$L6="No",'4. Visitas Técnicas'!$A6,"") | B140: =IF('4. Visitas Técnicas'!$L6="No",IFERROR(VLOOKUP('4. Visitas Técnicas'!$A6,'1. Órdenes de Trabajo'!$A$2:$E$301,5,FALSE()),""),"") | C140: =IF('4. Visitas Técnicas'!$L6="No","Visita técnica","") | D140: =IF('4. Visitas Técnicas'!$L6="No",'4. Visitas Técnicas'!$C6,"") | E140: =IF('4. Visitas Técnicas'!$L6="No",'4. Visitas Técnicas'!$M6,"") | F140: =IF('4. Visitas Técnicas'!$L6="No",'4. Visitas Técnicas'!$N6,"") | G140: =IF('4. Visitas Técnicas'!$L6="No",IFERROR(VLOOKUP('4. Visitas Técnicas'!$A6,'1. Órdenes de Trabajo'!$A$2:$J$301,10,FALSE()),""),"")
A141: =IF('4. Visitas Técnicas'!$L7="No",'4. Visitas Técnicas'!$A7,"") | B141: =IF('4. Visitas Técnicas'!$L7="No",IFERROR(VLOOKUP('4. Visitas Técnicas'!$A7,'1. Órdenes de Trabajo'!$A$2:$E$301,5,FALSE()),""),"") | C141: =IF('4. Visitas Técnicas'!$L7="No","Visita técnica","") | D141: =IF('4. Visitas Técnicas'!$L7="No",'4. Visitas Técnicas'!$C7,"") | E141: =IF('4. Visitas Técnicas'!$L7="No",'4. Visitas Técnicas'!$M7,"") | F141: =IF('4. Visitas Técnicas'!$L7="No",'4. Visitas Técnicas'!$N7,"") | G141: =IF('4. Visitas Técnicas'!$L7="No",IFERROR(VLOOKUP('4. Visitas Técnicas'!$A7,'1. Órdenes de Trabajo'!$A$2:$J$301,10,FALSE()),""),"")
A142: =IF('4. Visitas Técnicas'!$L8="No",'4. Visitas Técnicas'!$A8,"") | B142: =IF('4. Visitas Técnicas'!$L8="No",IFERROR(VLOOKUP('4. Visitas Técnicas'!$A8,'1. Órdenes de Trabajo'!$A$2:$E$301,5,FALSE()),""),"") | C142: =IF('4. Visitas Técnicas'!$L8="No","Visita técnica","") | D142: =IF('4. Visitas Técnicas'!$L8="No",'4. Visitas Técnicas'!$C8,"") | E142: =IF('4. Visitas Técnicas'!$L8="No",'4. Visitas Técnicas'!$M8,"") | F142: =IF('4. Visitas Técnicas'!$L8="No",'4. Visitas Técnicas'!$N8,"") | G142: =IF('4. Visitas Técnicas'!$L8="No",IFERROR(VLOOKUP('4. Visitas Técnicas'!$A8,'1. Órdenes de Trabajo'!$A$2:$J$301,10,FALSE()),""),"")
A143: =IF('4. Visitas Técnicas'!$L9="No",'4. Visitas Técnicas'!$A9,"") | B143: =IF('4. Visitas Técnicas'!$L9="No",IFERROR(VLOOKUP('4. Visitas Técnicas'!$A9,'1. Órdenes de Trabajo'!$A$2:$E$301,5,FALSE()),""),"") | C143: =IF('4. Visitas Técnicas'!$L9="No","Visita técnica","") | D143: =IF('4. Visitas Técnicas'!$L9="No",'4. Visitas Técnicas'!$C9,"") | E143: =IF('4. Visitas Técnicas'!$L9="No",'4. Visitas Técnicas'!$M9,"") | F143: =IF('4. Visitas Técnicas'!$L9="No",'4. Visitas Técnicas'!$N9,"") | G143: =IF('4. Visitas Técnicas'!$L9="No",IFERROR(VLOOKUP('4. Visitas Técnicas'!$A9,'1. Órdenes de Trabajo'!$A$2:$J$301,10,FALSE()),""),"")
A144: =IF('4. Visitas Técnicas'!$L10="No",'4. Visitas Técnicas'!$A10,"") | B144: =IF('4. Visitas Técnicas'!$L10="No",IFERROR(VLOOKUP('4. Visitas Técnicas'!$A10,'1. Órdenes de Trabajo'!$A$2:$E$301,5,FALSE()),""),"") | C144: =IF('4. Visitas Técnicas'!$L10="No","Visita técnica","") | D144: =IF('4. Visitas Técnicas'!$L10="No",'4. Visitas Técnicas'!$C10,"") | E144: =IF('4. Visitas Técnicas'!$L10="No",'4. Visitas Técnicas'!$M10,"") | F144: =IF('4. Visitas Técnicas'!$L10="No",'4. Visitas Técnicas'!$N10,"") | G144: =IF('4. Visitas Técnicas'!$L10="No",IFERROR(VLOOKUP('4. Visitas Técnicas'!$A10,'1. Órdenes de Trabajo'!$A$2:$J$301,10,FALSE()),""),"")
A145: =IF('4. Visitas Técnicas'!$L11="No",'4. Visitas Técnicas'!$A11,"") | B145: =IF('4. Visitas Técnicas'!$L11="No",IFERROR(VLOOKUP('4. Visitas Técnicas'!$A11,'1. Órdenes de Trabajo'!$A$2:$E$301,5,FALSE()),""),"") | C145: =IF('4. Visitas Técnicas'!$L11="No","Visita técnica","") | D145: =IF('4. Visitas Técnicas'!$L11="No",'4. Visitas Técnicas'!$C11,"") | E145: =IF('4. Visitas Técnicas'!$L11="No",'4. Visitas Técnicas'!$M11,"") | F145: =IF('4. Visitas Técnicas'!$L11="No",'4. Visitas Técnicas'!$N11,"") | G145: =IF('4. Visitas Técnicas'!$L11="No",IFERROR(VLOOKUP('4. Visitas Técnicas'!$A11,'1. Órdenes de Trabajo'!$A$2:$J$301,10,FALSE()),""),"")
A146: =IF('4. Visitas Técnicas'!$L12="No",'4. Visitas Técnicas'!$A12,"") | B146: =IF('4. Visitas Técnicas'!$L12="No",IFERROR(VLOOKUP('4. Visitas Técnicas'!$A12,'1. Órdenes de Trabajo'!$A$2:$E$301,5,FALSE()),""),"") | C146: =IF('4. Visitas Técnicas'!$L12="No","Visita técnica","") | D146: =IF('4. Visitas Técnicas'!$L12="No",'4. Visitas Técnicas'!$C12,"") | E146: =IF('4. Visitas Técnicas'!$L12="No",'4. Visitas Técnicas'!$M12,"") | F146: =IF('4. Visitas Técnicas'!$L12="No",'4. Visitas Técnicas'!$N12,"") | G146: =IF('4. Visitas Técnicas'!$L12="No",IFERROR(VLOOKUP('4. Visitas Técnicas'!$A12,'1. Órdenes de Trabajo'!$A$2:$J$301,10,FALSE()),""),"")
A147: =IF('4. Visitas Técnicas'!$L13="No",'4. Visitas Técnicas'!$A13,"") | B147: =IF('4. Visitas Técnicas'!$L13="No",IFERROR(VLOOKUP('4. Visitas Técnicas'!$A13,'1. Órdenes de Trabajo'!$A$2:$E$301,5,FALSE()),""),"") | C147: =IF('4. Visitas Técnicas'!$L13="No","Visita técnica","") | D147: =IF('4. Visitas Técnicas'!$L13="No",'4. Visitas Técnicas'!$C13,"") | E147: =IF('4. Visitas Técnicas'!$L13="No",'4. Visitas Técnicas'!$M13,"") | F147: =IF('4. Visitas Técnicas'!$L13="No",'4. Visitas Técnicas'!$N13,"") | G147: =IF('4. Visitas Técnicas'!$L13="No",IFERROR(VLOOKUP('4. Visitas Técnicas'!$A13,'1. Órdenes de Trabajo'!$A$2:$J$301,10,FALSE()),""),"")
... A175: =IF('4. Visitas Técnicas'!$L41="No",'4. Visitas Técnicas'!$A41,"") | B175: =IF('4. Visitas Técnicas'!$L41="No",IFERROR(VLOOKUP('4. Visitas Técnicas'!$A41,'1. Órdenes de Trabajo'!$A$2:$E$301,5,FALSE()),""),"") | C175: =IF('4. Visitas Técnicas'!$L41="No","Visita técnica","") | D175: =IF('4. Visitas Técnicas'!$L41="No",'4. Visitas Técnicas'!$C41,"") | E175: =IF('4. Visitas Técnicas'!$L41="No",'4. Visitas Técnicas'!$M41,"") | F175: =IF('4. Visitas Técnicas'!$L41="No",'4. Visitas Técnicas'!$N41,"") | G175: =IF('4. Visitas Técnicas'!$L41="No",IFERROR(VLOOKUP('4. Visitas Técnicas'!$A41,'1. Órdenes de Trabajo'!$A$2:$J$301,10,FALSE()),""),"")
A184: Mantención preventiva 2026 — avance del programa
A185: Resumen anual del preventivo. El detalle por mes y por equipo está en la hoja MP Carta 2026.
A186: Programadas | B186: Ejecutadas | C186: Pendientes | D186: Atrasadas | E186: % avance
A187: =SUM('MP Carta 2026'!$U$4:$U$969) -> 1234 | B187: =SUM('MP Carta 2026'!$V$4:$V$969) -> 888 | C187: =SUM('MP Carta 2026'!$W$4:$W$969) -> 0 | D187: =SUM('MP Carta 2026'!$Y$4:$Y$969) -> 0 | E187: =IFERROR(SUM('MP Carta 2026'!$V$4:$V$969)/SUM('MP Carta 2026'!$U$4:$U$969),"") -> 0.71961102

Sheet MP Carta 2026
A1: Programa de Mantención Preventiva 2026 — Carta de ejecución
A2: Un equipo por fila (los 966 de la base). Marca el código del mes en cada celda: X programada · E ejecutada · C2/C3 no ejecutada por falla · R reprogramada · B baja. La identidad del equipo se hereda de la hoja Equipos.
A3: N° Inventario | B3: Equipo | C3: Servicio | D3: Ubicación | E3: Marca | F3: Modelo | G3: Serie | H3: Periodicidad | I3: Ene | J3: Feb | K3: Mar | L3: Abr | M3: May | N3: Jun | O3: Jul | P3: Ago | Q3: Sep | R3: Oct | S3: Nov | T3: Dic | U3: Programadas | V3: Ejecutadas | W3: Pendientes | X3: x Correctivo | Y3: Atrasadas | Z3: % avance
A4: =Equipos!C2 -> 2-115361 | B4: =Equipos!D2 -> Incubadora | C4: =Equipos!E2 -> Neonatología | D4: =Equipos!G2 -> UTI 1/2 | E4: =Equipos!I2 -> DRAGER | F4: =Equipos!J2 -> CALEO | G4: =Equipos!K2 -> ASJL-0008 | J4: E | M4: E | U4: =V4+W4+X4+COUNTIF(I4:T4,"R") -> 2 | V4: =COUNTIF(I4:T4,"E") -> 2 | W4: =COUNTIF(I4:T4,"X") -> 0 | X4: =COUNTIF(I4:T4,"C2")+COUNTIF(I4:T4,"C3") -> 0 | Y4: =SUMPRODUCT((I4:INDEX(I4:T4,MONTH(TODAY()))="X")*1) -> 0 | Z4: =IFERROR(V4/U4,"") -> 1
A5: =Equipos!C3 -> 2-116070 | B5: =Equipos!D3 -> Incubadora | C5: =Equipos!E3 -> Neonatología | D5: =Equipos!G3 -> SALA EQUIPOS | E5: =Equipos!I3 -> GENERAL ELECTRIC | F5: =Equipos!J3 -> GIRAFFE OMNIBED CARESTATION | G5: =Equipos!K3 -> TABX62307 | J5: E | M5: E | U5: =V5+W5+X5+COUNTIF(I5:T5,"R") -> 2 | V5: =COUNTIF(I5:T5,"E") -> 2 | W5: =COUNTIF(I5:T5,"X") -> 0 | X5: =COUNTIF(I5:T5,"C2")+COUNTIF(I5:T5,"C3") -> 0 | Y5: =SUMPRODUCT((I5:INDEX(I5:T5,MONTH(TODAY()))="X")*1) -> 0 | Z5: =IFERROR(V5/U5,"") -> 1
A6: =Equipos!C4 -> 2-116071 | B6: =Equipos!D4 -> Incubadora | C6: =Equipos!E4 -> Neonatología | D6: =Equipos!G4 -> UCI 16 | E6: =Equipos!I4 -> GENERAL ELECTRIC | F6: =Equipos!J4 -> GIRAFFE OMNIBED CARESTATION | G6: =Equipos!K4 -> TABX62308 | J6: E | M6: E | U6: =V6+W6+X6+COUNTIF(I6:T6,"R") -> 2 | V6: =COUNTIF(I6:T6,"E") -> 2 | W6: =COUNTIF(I6:T6,"X") -> 0 | X6: =COUNTIF(I6:T6,"C2")+COUNTIF(I6:T6,"C3") -> 0 | Y6: =SUMPRODUCT((I6:INDEX(I6:T6,MONTH(TODAY()))="X")*1) -> 0 | Z6: =IFERROR(V6/U6,"") -> 1
A7: =Equipos!C5 -> 2-116018 | B7: =Equipos!D5 -> Incubadora | C7: =Equipos!E5 -> Neonatología | D7: =Equipos!G5 -> UTI 1/4 | E7: =Equipos!I5 -> DRAGER | F7: =Equipos!J5 -> CALEO | G7: =Equipos!K5 -> ASHM-0118 | J7: E | M7: E | U7: =V7+W7+X7+COUNTIF(I7:T7,"R") -> 2 | V7: =COUNTIF(I7:T7,"E") -> 2 | W7: =COUNTIF(I7:T7,"X") -> 0 | X7: =COUNTIF(I7:T7,"C2")+COUNTIF(I7:T7,"C3") -> 0 | Y7: =SUMPRODUCT((I7:INDEX(I7:T7,MONTH(TODAY()))="X")*1) -> 0 | Z7: =IFERROR(V7/U7,"") -> 1
A8: =Equipos!C6 -> 2-116072 | B8: =Equipos!D6 -> Incubadora | C8: =Equipos!E6 -> Neonatología | D8: =Equipos!G6 -> UCI 4 | E8: =Equipos!I6 -> GENERAL ELECTRIC | F8: =Equipos!J6 -> GIRAFFE OMNIBED CARESTATION | G8: =Equipos!K6 -> TABX62309 | J8: E | U8: =V8+W8+X8+COUNTIF(I8:T8,"R") -> 1 | V8: =COUNTIF(I8:T8,"E") -> 1 | W8: =COUNTIF(I8:T8,"X") -> 0 | X8: =COUNTIF(I8:T8,"C2")+COUNTIF(I8:T8,"C3") -> 0 | Y8: =SUMPRODUCT((I8:INDEX(I8:T8,MONTH(TODAY()))="X")*1) -> 0 | Z8: =IFERROR(V8/U8,"") -> 1
A9: =Equipos!C7 -> 0 | B9: =Equipos!D7 -> Incubadora | C9: =Equipos!E7 -> Neonatología | D9: =Equipos!G7 -> 0 | E9: =Equipos!I7 -> TSE | F9: =Equipos!J7 -> Shelly 610 | G9: =Equipos!K7 -> 02516. | U9: =V9+W9+X9+COUNTIF(I9:T9,"R") -> 0 | V9: =COUNTIF(I9:T9,"E") -> 0 | W9: =COUNTIF(I9:T9,"X") -> 0 | X9: =COUNTIF(I9:T9,"C2")+COUNTIF(I9:T9,"C3") -> 0 | Y9: =SUMPRODUCT((I9:INDEX(I9:T9,MONTH(TODAY()))="X")*1) -> 0 | Z9: =IFERROR(V9/U9,"")
A10: =Equipos!C8 -> 2-022133 | B10: =Equipos!D8 -> Incubadora | C10: =Equipos!E8 -> Neonatología | D10: =Equipos!G8 -> Pasillo | E10: =Equipos!I8 -> HILL-ROM | F10: =Equipos!J8 -> TI500 | G10: =Equipos!K8 -> VD03887 | J10: E | M10: E | U10: =V10+W10+X10+COUNTIF(I10:T10,"R") -> 2 | V10: =COUNTIF(I10:T10,"E") -> 2 | W10: =COUNTIF(I10:T10,"X") -> 0 | X10: =COUNTIF(I10:T10,"C2")+COUNTIF(I10:T10,"C3") -> 0 | Y10: =SUMPRODUCT((I10:INDEX(I10:T10,MONTH(TODAY()))="X")*1) -> 0 | Z10: =IFERROR(V10/U10,"") -> 1
A11: =Equipos!C9 -> 2-116019 | B11: =Equipos!D9 -> Incubadora | C11: =Equipos!E9 -> Neonatología | D11: =Equipos!G9 -> UCI 2 | E11: =Equipos!I9 -> DRAGER | F11: =Equipos!J9 -> CALEO | G11: =Equipos!K9 -> ASLB-0016 | J11: E | M11: E | U11: =V11+W11+X11+COUNTIF(I11:T11,"R") -> 2 | V11: =COUNTIF(I11:T11,"E") -> 2 | W11: =COUNTIF(I11:T11,"X") -> 0 | X11: =COUNTIF(I11:T11,"C2")+COUNTIF(I11:T11,"C3") -> 0 | Y11: =SUMPRODUCT((I11:INDEX(I11:T11,MONTH(TODAY()))="X")*1) -> 0 | Z11: =IFERROR(V11/U11,"") -> 1
A12: =Equipos!C10 -> 2-116073 | B12: =Equipos!D10 -> Incubadora | C12: =Equipos!E10 -> Neonatología | D12: =Equipos!G10 -> UTI 2/6 | E12: =Equipos!I10 -> GENERAL ELECTRIC | F12: =Equipos!J10 -> GIRAFFE OMNIBED CARESTATION | G12: =Equipos!K10 -> TABX62310 | J12: E | U12: =V12+W12+X12+COUNTIF(I12:T12,"R") -> 1 | V12: =COUNTIF(I12:T12,"E") -> 1 | W12: =COUNTIF(I12:T12,"X") -> 0 | X12: =COUNTIF(I12:T12,"C2")+COUNTIF(I12:T12,"C3") -> 0 | Y12: =SUMPRODUCT((I12:INDEX(I12:T12,MONTH(TODAY()))="X")*1) -> 0 | Z12: =IFERROR(V12/U12,"") -> 1
A13: =Equipos!C11 -> 0 | B13: =Equipos!D11 -> Incubadora | C13: =Equipos!E11 -> 0 | D13: =Equipos!G11 -> 0 | E13: =Equipos!I11 -> 0 | F13: =Equipos!J11 -> 0 | G13: =Equipos!K11 -> 0 | U13: =V13+W13+X13+COUNTIF(I13:T13,"R") -> 0 | V13: =COUNTIF(I13:T13,"E") -> 0 | W13: =COUNTIF(I13:T13,"X") -> 0 | X13: =COUNTIF(I13:T13,"C2")+COUNTIF(I13:T13,"C3") -> 0 | Y13: =SUMPRODUCT((I13:INDEX(I13:T13,MONTH(TODAY()))="X")*1) -> 0 | Z13: =IFERROR(V13/U13,"")
A14: =Equipos!C12 -> 2-125347 | B14: =Equipos!D12 -> Incubadora | C14: =Equipos!E12 -> SAMU | D14: =Equipos!G12 -> Base 1 | E14: =Equipos!I12 -> ATOM | F14: =Equipos!J12 -> INCU ARCH | G14: =Equipos!K12 -> 621012300012 | J14: E | U14: =V14+W14+X14+COUNTIF(I14:T14,"R") -> 1 | V14: =COUNTIF(I14:T14,"E") -> 1 | W14: =COUNTIF(I14:T14,"X") -> 0 | X14: =COUNTIF(I14:T14,"C2")+COUNTIF(I14:T14,"C3") -> 0 | Y14: =SUMPRODUCT((I14:INDEX(I14:T14,MONTH(TODAY()))="X")*1) -> 0 | Z14: =IFERROR(V14/U14,"") -> 1
A15: =Equipos!C13 -> 0 | B15: =Equipos!D13 -> Incubadora | C15: =Equipos!E13 -> 0 | D15: =Equipos!G13 -> 0 | E15: =Equipos!I13 -> 0 | F15: =Equipos!J13 -> 0 | G15: =Equipos!K13 -> 0 | U15: =V15+W15+X15+COUNTIF(I15:T15,"R") -> 0 | V15: =COUNTIF(I15:T15,"E") -> 0 | W15: =COUNTIF(I15:T15,"X") -> 0 | X15: =COUNTIF(I15:T15,"C2")+COUNTIF(I15:T15,"C3") -> 0 | Y15: =SUMPRODUCT((I15:INDEX(I15:T15,MONTH(TODAY()))="X")*1) -> 0 | Z15: =IFERROR(V15/U15,"")
A16: =Equipos!C14 -> 0 | B16: =Equipos!D14 -> Incubadora | C16: =Equipos!E14 -> 0 | D16: =Equipos!G14 -> 0 | E16: =Equipos!I14 -> 0 | F16: =Equipos!J14 -> 0 | G16: =Equipos!K14 -> 0 | U16: =V16+W16+X16+COUNTIF(I16:T16,"R") -> 0 | V16: =COUNTIF(I16:T16,"E") -> 0 | W16: =COUNTIF(I16:T16,"X") -> 0 | X16: =COUNTIF(I16:T16,"C2")+COUNTIF(I16:T16,"C3") -> 0 | Y16: =SUMPRODUCT((I16:INDEX(I16:T16,MONTH(TODAY()))="X")*1) -> 0 | Z16: =IFERROR(V16/U16,"")
A17: =Equipos!C15 -> 0 | B17: =Equipos!D15 -> Incubadora | C17: =Equipos!E15 -> 0 | D17: =Equipos!G15 -> 0 | E17: =Equipos!I15 -> 0 | F17: =Equipos!J15 -> 0 | G17: =Equipos!K15 -> 0 | U17: =V17+W17+X17+COUNTIF(I17:T17,"R") -> 0 | V17: =COUNTIF(I17:T17,"E") -> 0 | W17: =COUNTIF(I17:T17,"X") -> 0 | X17: =COUNTIF(I17:T17,"C2")+COUNTIF(I17:T17,"C3") -> 0 | Y17: =SUMPRODUCT((I17:INDEX(I17:T17,MONTH(TODAY()))="X")*1) -> 0 | Z17: =IFERROR(V17/U17,"")
A18: =Equipos!C16 -> 0 | B18: =Equipos!D16 -> Incubadora | C18: =Equipos!E16 -> 0 | D18: =Equipos!G16 -> 0 | E18: =Equipos!I16 -> 0 | F18: =Equipos!J16 -> 0 | G18: =Equipos!K16 -> 0 | U18: =V18+W18+X18+COUNTIF(I18:T18,"R") -> 0 | V18: =COUNTIF(I18:T18,"E") -> 0 | W18: =COUNTIF(I18:T18,"X") -> 0 | X18: =COUNTIF(I18:T18,"C2")+COUNTIF(I18:T18,"C3") -> 0 | Y18: =SUMPRODUCT((I18:INDEX(I18:T18,MONTH(TODAY()))="X")*1) -> 0 | Z18: =IFERROR(V18/U18,"")
A19: =Equipos!C17 -> 2-116024 | B19: =Equipos!D17 -> Incubadora | C19: =Equipos!E17 -> Neonatología | D19: =Equipos!G17 -> UTI 3/3 | E19: =Equipos!I17 -> DRAGER | F19: =Equipos!J17 -> CALEO | G19: =Equipos!K17 -> ASLB-0009 | J19: E | M19: E | U19: =V19+W19+X19+COUNTIF(I19:T19,"R") -> 2 | V19: =COUNTIF(I19:T19,"E") -> 2 | W19: =COUNTIF(I19:T19,"X") -> 0 | X19: =COUNTIF(I19:T19,"C2")+COUNTIF(I19:T19,"C3") -> 0 | Y19: =SUMPRODUCT((I19:INDEX(I19:T19,MONTH(TODAY()))="X")*1) -> 0 | Z19: =IFERROR(V19/U19,"") -> 1
A20: =Equipos!C18 -> 0 | B20: =Equipos!D18 -> Incubadora | C20: =Equipos!E18 -> 0 | D20: =Equipos!G18 -> 0 | E20: =Equipos!I18 -> 0 | F20: =Equipos!J18 -> 0 | G20: =Equipos!K18 -> 0 | U20: =V20+W20+X20+COUNTIF(I20:T20,"R") -> 0 | V20: =COUNTIF(I20:T20,"E") -> 0 | W20: =COUNTIF(I20:T20,"X") -> 0 | X20: =COUNTIF(I20:T20,"C2")+COUNTIF(I20:T20,"C3") -> 0 | Y20: =SUMPRODUCT((I20:INDEX(I20:T20,MONTH(TODAY()))="X")*1) -> 0 | Z20: =IFERROR(V20/U20,"")
A21: =Equipos!C19 -> 2-112137 | B21: =Equipos!D19 -> Incubadora | C21: =Equipos!E19 -> Neonatología | D21: =Equipos!G19 -> UTI 1/6 | E21: =Equipos!I19 -> DRAGER | F21: =Equipos!J19 -> CALEO | G21: =Equipos!K19 -> ASDA-0012 | J21: E | M21: E | U21: =V21+W21+X21+COUNTIF(I21:T21,"R") -> 2 | V21: =COUNTIF(I21:T21,"E") -> 2 | W21: =COUNTIF(I21:T21,"X") -> 0 | X21: =COUNTIF(I21:T21,"C2")+COUNTIF(I21:T21,"C3") -> 0 | Y21: =SUMPRODUCT((I21:INDEX(I21:T21,MONTH(TODAY()))="X")*1) -> 0 | Z21: =IFERROR(V21/U21,"") -> 1
A22: =Equipos!C20 -> 2-016566 | B22: =Equipos!D20 -> Incubadora | C22: =Equipos!E20 -> Neonatología | D22: =Equipos!G20 -> UCI 6 | E22: =Equipos!I20 -> DRAGER | F22: =Equipos!J20 -> CALEO | G22: =Equipos!K20 -> ASDA-0009 | J22: E | M22: E | U22: =V22+W22+X22+COUNTIF(I22:T22,"R") -> 2 | V22: =COUNTIF(I22:T22,"E") -> 2 | W22: =COUNTIF(I22:T22,"X") -> 0 | X22: =COUNTIF(I22:T22,"C2")+COUNTIF(I22:T22,"C3") -> 0 | Y22: =SUMPRODUCT((I22:INDEX(I22:T22,MONTH(TODAY()))="X")*1) -> 0 | Z22: =IFERROR(V22/U22,"") -> 1
A23: =Equipos!C21 -> 2-112138 | B23: =Equipos!D21 -> Incubadora | C23: =Equipos!E21 -> Neonatología | D23: =Equipos!G21 -> UCI 13 | E23: =Equipos!I21 -> DRAGER | F23: =Equipos!J21 -> CALEO | G23: =Equipos!K21 -> ASDA-0010 | J23: E | M23: E | U23: =V23+W23+X23+COUNTIF(I23:T23,"R") -> 2 | V23: =COUNTIF(I23:T23,"E") -> 2 | W23: =COUNTIF(I23:T23,"X") -> 0 | X23: =COUNTIF(I23:T23,"C2")+COUNTIF(I23:T23,"C3") -> 0 | Y23: =SUMPRODUCT((I23:INDEX(I23:T23,MONTH(TODAY()))="X")*1) -> 0 | Z23: =IFERROR(V23/U23,"") -> 1
A24: =Equipos!C22 -> 2-112141 | B24: =Equipos!D22 -> Incubadora | C24: =Equipos!E22 -> Neonatología | D24: =Equipos!G22 -> UTI 4/2 | E24: =Equipos!I22 -> DRAGER | F24: =Equipos!J22 -> CALEO | G24: =Equipos!K22 -> ASDA-0011 | J24: E | M24: E | U24: =V24+W24+X24+COUNTIF(I24:T24,"R") -> 2 | V24: =COUNTIF(I24:T24,"E") -> 2 | W24: =COUNTIF(I24:T24,"X") -> 0 | X24: =COUNTIF(I24:T24,"C2")+COUNTIF(I24:T24,"C3") -> 0 | Y24: =SUMPRODUCT((I24:INDEX(I24:T24,MONTH(TODAY()))="X")*1) -> 0 | Z24: =IFERROR(V24/U24,"") -> 1
A25: =Equipos!C23 -> 0 | B25: =Equipos!D23 -> Incubadora | C25: =Equipos!E23 -> 0 | D25: =Equipos!G23 -> 0 | E25: =Equipos!I23 -> 0 | F25: =Equipos!J23 -> 0 | G25: =Equipos!K23 -> 0 | U25: =V25+W25+X25+COUNTIF(I25:T25,"R") -> 0 | V25: =COUNTIF(I25:T25,"E") -> 0 | W25: =COUNTIF(I25:T25,"X") -> 0 | X25: =COUNTIF(I25:T25,"C2")+COUNTIF(I25:T25,"C3") -> 0 | Y25: =SUMPRODUCT((I25:INDEX(I25:T25,MONTH(TODAY()))="X")*1) -> 0 | Z25: =IFERROR(V25/U25,"")
A26: =Equipos!C24 -> 0 | B26: =Equipos!D24 -> Incubadora | C26: =Equipos!E24 -> 0 | D26: =Equipos!G24 -> 0 | E26: =Equipos!I24 -> 0 | F26: =Equipos!J24 -> 0 | G26: =Equipos!K24 -> 0 | U26: =V26+W26+X26+COUNTIF(I26:T26,"R") -> 0 | V26: =COUNTIF(I26:T26,"E") -> 0 | W26: =COUNTIF(I26:T26,"X") -> 0 | X26: =COUNTIF(I26:T26,"C2")+COUNTIF(I26:T26,"C3") -> 0 | Y26: =SUMPRODUCT((I26:INDEX(I26:T26,MONTH(TODAY()))="X")*1) -> 0 | Z26: =IFERROR(V26/U26,"")
A27: =Equipos!C25 -> 2-116025 | B27: =Equipos!D25 -> Incubadora | C27: =Equipos!E25 -> Neonatología | D27: =Equipos!G25 -> UCI 5 | E27: =Equipos!I25 -> DRAGER | F27: =Equipos!J25 -> CALEO | G27: =Equipos!K25 -> ASLB-0010 | J27: R | K27: E | M27: E | U27: =V27+W27+X27+COUNTIF(I27:T27,"R") -> 3 | V27: =COUNTIF(I27:T27,"E") -> 2 | W27: =COUNTIF(I27:T27,"X") -> 0 | X27: =COUNTIF(I27:T27,"C2")+COUNTIF(I27:T27,"C3") -> 0 | Y27: =SUMPRODUCT((I27:INDEX(I27:T27,MONTH(TODAY()))="X")*1) -> 0 | Z27: =IFERROR(V27/U27,"") -> 0.66666667
A28: =Equipos!C26 -> 0 | B28: =Equipos!D26 -> Incubadora | C28: =Equipos!E26 -> 0 | D28: =Equipos!G26 -> 0 | E28: =Equipos!I26 -> 0 | F28: =Equipos!J26 -> 0 | G28: =Equipos!K26 -> 0 | U28: =V28+W28+X28+COUNTIF(I28:T28,"R") -> 0 | V28: =COUNTIF(I28:T28,"E") -> 0 | W28: =COUNTIF(I28:T28,"X") -> 0 | X28: =COUNTIF(I28:T28,"C2")+COUNTIF(I28:T28,"C3") -> 0 | Y28: =SUMPRODUCT((I28:INDEX(I28:T28,MONTH(TODAY()))="X")*1) -> 0 | Z28: =IFERROR(V28/U28,"")
A29: =Equipos!C27 -> 0 | B29: =Equipos!D27 -> Incubadora | C29: =Equipos!E27 -> 0 | D29: =Equipos!G27 -> 0 | E29: =Equipos!I27 -> 0 | F29: =Equipos!J27 -> 0 | G29: =Equipos!K27 -> 0 | U29: =V29+W29+X29+COUNTIF(I29:T29,"R") -> 0 | V29: =COUNTIF(I29:T29,"E") -> 0 | W29: =COUNTIF(I29:T29,"X") -> 0 | X29: =COUNTIF(I29:T29,"C2")+COUNTIF(I29:T29,"C3") -> 0 | Y29: =SUMPRODUCT((I29:INDEX(I29:T29,MONTH(TODAY()))="X")*1) -> 0 | Z29: =IFERROR(V29/U29,"")
A30: =Equipos!C28 -> 0 | B30: =Equipos!D28 -> Incubadora | C30: =Equipos!E28 -> 0 | D30: =Equipos!G28 -> 0 | E30: =Equipos!I28 -> 0 | F30: =Equipos!J28 -> 0 | G30: =Equipos!K28 -> 0 | U30: =V30+W30+X30+COUNTIF(I30:T30,"R") -> 0 | V30: =COUNTIF(I30:T30,"E") -> 0 | W30: =COUNTIF(I30:T30,"X") -> 0 | X30: =COUNTIF(I30:T30,"C2")+COUNTIF(I30:T30,"C3") -> 0 | Y30: =SUMPRODUCT((I30:INDEX(I30:T30,MONTH(TODAY()))="X")*1) -> 0 | Z30: =IFERROR(V30/U30,"")
A31: =Equipos!C29 -> 0 | B31: =Equipos!D29 -> Incubadora | C31: =Equipos!E29 -> 0 | D31: =Equipos!G29 -> 0 | E31: =Equipos!I29 -> 0 | F31: =Equipos!J29 -> 0 | G31: =Equipos!K29 -> 0 | U31: =V31+W31+X31+COUNTIF(I31:T31,"R") -> 0 | V31: =COUNTIF(I31:T31,"E") -> 0 | W31: =COUNTIF(I31:T31,"X") -> 0 | X31: =COUNTIF(I31:T31,"C2")+COUNTIF(I31:T31,"C3") -> 0 | Y31: =SUMPRODUCT((I31:INDEX(I31:T31,MONTH(TODAY()))="X")*1) -> 0 | Z31: =IFERROR(V31/U31,"")
A32: =Equipos!C30 -> 0 | B32: =Equipos!D30 -> Incubadora | C32: =Equipos!E30 -> 0 | D32: =Equipos!G30 -> 0 | E32: =Equipos!I30 -> 0 | F32: =Equipos!J30 -> 0 | G32: =Equipos!K30 -> 0 | U32: =V32+W32+X32+COUNTIF(I32:T32,"R") -> 0 | V32: =COUNTIF(I32:T32,"E") -> 0 | W32: =COUNTIF(I32:T32,"X") -> 0 | X32: =COUNTIF(I32:T32,"C2")+COUNTIF(I32:T32,"C3") -> 0 | Y32: =SUMPRODUCT((I32:INDEX(I32:T32,MONTH(TODAY()))="X")*1) -> 0 | Z32: =IFERROR(V32/U32,"")
A33: =Equipos!C31 -> 0 | B33: =Equipos!D31 -> Incubadora | C33: =Equipos!E31 -> 0 | D33: =Equipos!G31 -> 0 | E33: =Equipos!I31 -> 0 | F33: =Equipos!J31 -> 0 | G33: =Equipos!K31 -> 0 | U33: =V33+W33+X33+COUNTIF(I33:T33,"R") -> 0 | V33: =COUNTIF(I33:T33,"E") -> 0 | W33: =COUNTIF(I33:T33,"X") -> 0 | X33: =COUNTIF(I33:T33,"C2")+COUNTIF(I33:T33,"C3") -> 0 | Y33: =SUMPRODUCT((I33:INDEX(I33:T33,MONTH(TODAY()))="X")*1) -> 0 | Z33: =IFERROR(V33/U33,"")
A34: =Equipos!C32 -> 2-024094 | B34: =Equipos!D32 -> Incubadora | C34: =Equipos!E32 -> Neonatología | D34: =Equipos!G32 -> 0 | E34: =Equipos!I32 -> DRAGER | F34: =Equipos!J32 -> TI500 | G34: =Equipos!K32 -> KM10530 | J34: E | M34: E | U34: =V34+W34+X34+COUNTIF(I34:T34,"R") -> 2 | V34: =COUNTIF(I34:T34,"E") -> 2 | W34: =COUNTIF(I34:T34,"X") -> 0 | X34: =COUNTIF(I34:T34,"C2")+COUNTIF(I34:T34,"C3") -> 0 | Y34: =SUMPRODUCT((I34:INDEX(I34:T34,MONTH(TODAY()))="X")*1) -> 0 | Z34: =IFERROR(V34/U34,"") -> 1
A35: =Equipos!C33 -> 2-116022 | B35: =Equipos!D33 -> Incubadora | C35: =Equipos!E33 -> Neonatología | D35: =Equipos!G33 -> UCI 7 | E35: =Equipos!I33 -> DRAGER | F35: =Equipos!J33 -> CALEO | G35: =Equipos!K33 -> ASLB-0011 | J35: E | M35: E | U35: =V35+W35+X35+COUNTIF(I35:T35,"R") -> 2 | V35: =COUNTIF(I35:T35,"E") -> 2 | W35: =COUNTIF(I35:T35,"X") -> 0 | X35: =COUNTIF(I35:T35,"C2")+COUNTIF(I35:T35,"C3") -> 0 | Y35: =SUMPRODUCT((I35:INDEX(I35:T35,MONTH(TODAY()))="X")*1) -> 0 | Z35: =IFERROR(V35/U35,"") -> 1
A36: =Equipos!C34 -> 2-116017 | B36: =Equipos!D34 -> Incubadora | C36: =Equipos!E34 -> Neonatología | D36: =Equipos!G34 -> SALA EQUIPOS | E36: =Equipos!I34 -> DRAGER | F36: =Equipos!J34 -> CALEO | G36: =Equipos!K34 -> ASLB-0012 | J36: E | M36: E | U36: =V36+W36+X36+COUNTIF(I36:T36,"R") -> 2 | V36: =COUNTIF(I36:T36,"E") -> 2 | W36: =COUNTIF(I36:T36,"X") -> 0 | X36: =COUNTIF(I36:T36,"C2")+COUNTIF(I36:T36,"C3") -> 0 | Y36: =SUMPRODUCT((I36:INDEX(I36:T36,MONTH(TODAY()))="X")*1) -> 0 | Z36: =IFERROR(V36/U36,"") -> 1
A37: =Equipos!C35 -> 2-116021 | B37: =Equipos!D35 -> Incubadora | C37: =Equipos!E35 -> Neonatología | D37: =Equipos!G35 -> UTI 1/5 | E37: =Equipos!I35 -> DRAGER | F37: =Equipos!J35 -> CALEO | G37: =Equipos!K35 -> ASLB-0013 | J37: E | M37: E | U37: =V37+W37+X37+COUNTIF(I37:T37,"R") -> 2 | V37: =COUNTIF(I37:T37,"E") -> 2 | W37: =COUNTIF(I37:T37,"X") -> 0 | X37: =COUNTIF(I37:T37,"C2")+COUNTIF(I37:T37,"C3") -> 0 | Y37: =SUMPRODUCT((I37:INDEX(I37:T37,MONTH(TODAY()))="X")*1) -> 0 | Z37: =IFERROR(V37/U37,"") -> 1
A38: =Equipos!C36 -> 2-116023 | B38: =Equipos!D36 -> Incubadora | C38: =Equipos!E36 -> Neonatología | D38: =Equipos!G36 -> UTI 1/3 | E38: =Equipos!I36 -> DRAGER | F38: =Equipos!J36 -> CALEO | G38: =Equipos!K36 -> ASLB-0014 | J38: E | M38: E | U38: =V38+W38+X38+COUNTIF(I38:T38,"R") -> 2 | V38: =COUNTIF(I38:T38,"E") -> 2 | W38: =COUNTIF(I38:T38,"X") -> 0 | X38: =COUNTIF(I38:T38,"C2")+COUNTIF(I38:T38,"C3") -> 0 | Y38: =SUMPRODUCT((I38:INDEX(I38:T38,MONTH(TODAY()))="X")*1) -> 0 | Z38: =IFERROR(V38/U38,"") -> 1
A39: =Equipos!C37 -> 2-116020 | B39: =Equipos!D37 -> Incubadora | C39: =Equipos!E37 -> Neonatología | D39: =Equipos!G37 -> UTI 2/4 | E39: =Equipos!I37 -> DRAGER | F39: =Equipos!J37 -> CALEO | G39: =Equipos!K37 -> ASLB-0015 | J39: E | M39: R | N39: E | U39: =V39+W39+X39+COUNTIF(I39:T39,"R") -> 3 | V39: =COUNTIF(I39:T39,"E") -> 2 | W39: =COUNTIF(I39:T39,"X") -> 0 | X39: =COUNTIF(I39:T39,"C2")+COUNTIF(I39:T39,"C3") -> 0 | Y39: =SUMPRODUCT((I39:INDEX(I39:T39,MONTH(TODAY()))="X")*1) -> 0 | Z39: =IFERROR(V39/U39,"") -> 0.66666667
A40: =Equipos!C38 -> 2-115788 | B40: =Equipos!D38 -> Incubadora | C40: =Equipos!E38 -> Neonatología | D40: =Equipos!G38 -> SALA EQUIPOS | E40: =Equipos!I38 -> DRAGER | F40: =Equipos!J38 -> CALEO | G40: =Equipos!K38 -> ASJL-0039 | J40: R | K40: E | M40: E | U40: =V40+W40+X40+COUNTIF(I40:T40,"R") -> 3 | V40: =COUNTIF(I40:T40,"E") -> 2 | W40: =COUNTIF(I40:T40,"X") -> 0 | X40: =COUNTIF(I40:T40,"C2")+COUNTIF(I40:T40,"C3") -> 0 | Y40: =SUMPRODUCT((I40:INDEX(I40:T40,MONTH(TODAY()))="X")*1) -> 0 | Z40: =IFERROR(V40/U40,"") -> 0.66666667
A41: =Equipos!C39 -> 2-115787 | B41: =Equipos!D39 -> Incubadora | C41: =Equipos!E39 -> Neonatología | D41: =Equipos!G39 -> UTI 1/1 | E41: =Equipos!I39 -> DRAGER | F41: =Equipos!J39 -> CALEO | G41: =Equipos!K39 -> ASJL-0015 | J41: E | M41: E | U41: =V41+W41+X41+COUNTIF(I41:T41,"R") -> 2 | V41: =COUNTIF(I41:T41,"E") -> 2 | W41: =COUNTIF(I41:T41,"X") -> 0 | X41: =COUNTIF(I41:T41,"C2")+COUNTIF(I41:T41,"C3") -> 0 | Y41: =SUMPRODUCT((I41:INDEX(I41:T41,MONTH(TODAY()))="X")*1) -> 0 | Z41: =IFERROR(V41/U41,"") -> 1
A42: =Equipos!C40 -> 2-115785 | B42: =Equipos!D40 -> Incubadora | C42: =Equipos!E40 -> Neonatología | D42: =Equipos!G40 -> UCI 8 | E42: =Equipos!I40 -> DRAGER | F42: =Equipos!J40 -> CALEO | G42: =Equipos!K40 -> ASJL-0007 | J42: E | M42: E | U42: =V42+W42+X42+COUNTIF(I42:T42,"R") -> 2 | V42: =COUNTIF(I42:T42,"E") -> 2 | W42: =COUNTIF(I42:T42,"X") -> 0 | X42: =COUNTIF(I42:T42,"C2")+COUNTIF(I42:T42,"C3") -> 0 | Y42: =SUMPRODUCT((I42:INDEX(I42:T42,MONTH(TODAY()))="X")*1) -> 0 | Z42: =IFERROR(V42/U42,"") -> 1
A43: =Equipos!C41 -> 2-115784 | B43: =Equipos!D41 -> Incubadora | C43: =Equipos!E41 -> Neonatología | D43: =Equipos!G41 -> UCI 11 | E43: =Equipos!I41 -> DRAGER | F43: =Equipos!J41 -> CALEO | G43: =Equipos!K41 -> ASJL-0006 | J43: R | K43: E | M43: E | U43: =V43+W43+X43+COUNTIF(I43:T43,"R") -> 3 | V43: =COUNTIF(I43:T43,"E") -> 2 | W43: =COUNTIF(I43:T43,"X") -> 0 | X43: =COUNTIF(I43:T43,"C2")+COUNTIF(I43:T43,"C3") -> 0 | Y43: =SUMPRODUCT((I43:INDEX(I43:T43,MONTH(TODAY()))="X")*1) -> 0 | Z43: =IFERROR(V43/U43,"") -> 0.66666667
A44: =Equipos!C42 -> 2-115786 | B44: =Equipos!D42 -> Incubadora | C44: =Equipos!E42 -> Neonatología | D44: =Equipos!G42 -> UTI 2/1 | E44: =Equipos!I42 -> DRAGER | F44: =Equipos!J42 -> CALEO | G44: =Equipos!K42 -> ASJL-0013 | J44: E | M44: E | U44: =V44+W44+X44+COUNTIF(I44:T44,"R") -> 2 | V44: =COUNTIF(I44:T44,"E") -> 2 | W44: =COUNTIF(I44:T44,"X") -> 0 | X44: =COUNTIF(I44:T44,"C2")+COUNTIF(I44:T44,"C3") -> 0 | Y44: =SUMPRODUCT((I44:INDEX(I44:T44,MONTH(TODAY()))="X")*1) -> 0 | Z44: =IFERROR(V44/U44,"") -> 1
A45: =Equipos!C43 -> 2-135839 | B45: =Equipos!D43 -> DEA | C45: =Equipos!E43 -> TROI | D45: =Equipos!G43 -> 0 | E45: =Equipos!I43 -> Mindray | F45: =Equipos!J43 -> BeneHeart C2 | G45: =Equipos!K43 -> AE7-2408132 | L45: E | U45: =V45+W45+X45+COUNTIF(I45:T45,"R") -> 1 | V45: =COUNTIF(I45:T45,"E") -> 1 | W45: =COUNTIF(I45:T45,"X") -> 0 | X45: =COUNTIF(I45:T45,"C2")+COUNTIF(I45:T45,"C3") -> 0 | Y45: =SUMPRODUCT((I45:INDEX(I45:T45,MONTH(TODAY()))="X")*1) -> 0 | Z45: =IFERROR(V45/U45,"") -> 1
A46: =Equipos!C44 -> 2-024223 | B46: =Equipos!D44 -> Desfibrilador | C46: =Equipos!E44 -> Pabellón (Hemodinamia) | D46: =Equipos!G44 -> Pabellón 2Piso | E46: =Equipos!I44 -> Zoll | F46: =Equipos!J44 -> R SERIES ALS | G46: =Equipos!K44 -> AF12B020910 | L46: E | U46: =V46+W46+X46+COUNTIF(I46:T46,"R") -> 1 | V46: =COUNTIF(I46:T46,"E") -> 1 | W46: =COUNTIF(I46:T46,"X") -> 0 | X46: =COUNTIF(I46:T46,"C2")+COUNTIF(I46:T46,"C3") -> 0 | Y46: =SUMPRODUCT((I46:INDEX(I46:T46,MONTH(TODAY()))="X")*1) -> 0 | Z46: =IFERROR(V46/U46,"") -> 1
A47: =Equipos!C45 -> 2-112264 | B47: =Equipos!D45 -> Desfibrilador | C47: =Equipos!E45 -> UPC Adulto (Prestado a Urgencia Adulto) | D47: =Equipos!G45 -> Sala Reanimación | E47: =Equipos!I45 -> Zoll | F47: =Equipos!J45 -> R SERIES ALS | G47: =Equipos!K45 -> AF10H011856 | J47: E | U47: =V47+W47+X47+COUNTIF(I47:T47,"R") -> 1 | V47: =COUNTIF(I47:T47,"E") -> 1 | W47: =COUNTIF(I47:T47,"X") -> 0 | X47: =COUNTIF(I47:T47,"C2")+COUNTIF(I47:T47,"C3") -> 0 | Y47: =SUMPRODUCT((I47:INDEX(I47:T47,MONTH(TODAY()))="X")*1) -> 0 | Z47: =IFERROR(V47/U47,"") -> 1
A48: =Equipos!C46 -> 2-013518 | B48: =Equipos!D46 -> Desfibrilador | C48: =Equipos!E46 -> Medicina (Prestado a Medicina cardiovascular) | D48: =Equipos!G46 -> Zócalo | E48: =Equipos!I46 -> Nihon Kohden | F48: =Equipos!J46 -> TEC 5531E | G48: =Equipos!K46 -> 01816 | I48: E | U48: =V48+W48+X48+COUNTIF(I48:T48,"R") -> 1 | V48: =COUNTIF(I48:T48,"E") -> 1 | W48: =COUNTIF(I48:T48,"X") -> 0 | X48: =COUNTIF(I48:T48,"C2")+COUNTIF(I48:T48,"C3") -> 0 | Y48: =SUMPRODUCT((I48:INDEX(I48:T48,MONTH(TODAY()))="X")*1) -> 0 | Z48: =IFERROR(V48/U48,"") -> 1
A49: =Equipos!C47 -> 2-117973 | B49: =Equipos!D47 -> DEA | C49: =Equipos!E47 -> Gestión de Pacientes | D49: =Equipos!G47 -> Gestión de Pacientes | E49: =Equipos!I47 -> Zoll | F49: =Equipos!J47 -> AEDPLUS | G49: =Equipos!K47 -> X18E028657 | I49: E | J49: E | K49: E | L49: E | M49: E | U49: =V49+W49+X49+COUNTIF(I49:T49,"R") -> 5 | V49: =COUNTIF(I49:T49,"E") -> 5 | W49: =COUNTIF(I49:T49,"X") -> 0 | X49: =COUNTIF(I49:T49,"C2")+COUNTIF(I49:T49,"C3") -> 0 | Y49: =SUMPRODUCT((I49:INDEX(I49:T49,MONTH(TODAY()))="X")*1) -> 0 | Z49: =IFERROR(V49/U49,"") -> 1
A50: =Equipos!C48 -> 121010-024575 | B50: =Equipos!D48 -> DEA | C50: =Equipos!E48 -> Unidad Evaluación Paciente Imputado | D50: =Equipos!G48 -> UEPI-103 | E50: =Equipos!I48 -> Nihon Kohden | F50: =Equipos!J48 -> AED-3100 | G50: =Equipos!K48 -> 13042 | I50: E | J50: E | K50: E | L50: E | M50: E | U50: =V50+W50+X50+COUNTIF(I50:T50,"R") -> 5 | V50: =COUNTIF(I50:T50,"E") -> 5 | W50: =COUNTIF(I50:T50,"X") -> 0 | X50: =COUNTIF(I50:T50,"C2")+COUNTIF(I50:T50,"C3") -> 0 | Y50: =SUMPRODUCT((I50:INDEX(I50:T50,MONTH(TODAY()))="X")*1) -> 0 | Z50: =IFERROR(V50/U50,"") -> 1
A51: =Equipos!C49 -> 2-134465 | B51: =Equipos!D49 -> DEA | C51: =Equipos!E49 -> SAMU | D51: =Equipos!G49 -> Ambulancia | E51: =Equipos!I49 -> Mindray | F51: =Equipos!J49 -> BeneHeart C1A | G51: =Equipos!K49 -> AF1-48110851 | I51: E | J51: E | K51: E | L51: E | M51: E | U51: =V51+W51+X51+COUNTIF(I51:T51,"R") -> 5 | V51: =COUNTIF(I51:T51,"E") -> 5 | W51: =COUNTIF(I51:T51,"X") -> 0 | X51: =COUNTIF(I51:T51,"C2")+COUNTIF(I51:T51,"C3") -> 0 | Y51: =SUMPRODUCT((I51:INDEX(I51:T51,MONTH(TODAY()))="X")*1) -> 0 | Z51: =IFERROR(V51/U51,"") -> 1
A52: =Equipos!C50 -> 2-112265 | B52: =Equipos!D50 -> Desfibrilador | C52: =Equipos!E50 -> Urgencia Infantil | D52: =Equipos!G50 -> SUI sala IRA | E52: =Equipos!I50 -> Nihon Kohden | F52: =Equipos!J50 -> TEC 5531E | G52: =Equipos!K50 -> 00888 | K52: C3 | L52: E | U52: =V52+W52+X52+COUNTIF(I52:T52,"R") -> 2 | V52: =COUNTIF(I52:T52,"E") -> 1 | W52: =COUNTIF(I52:T52,"X") -> 0 | X52: =COUNTIF(I52:T52,"C2")+COUNTIF(I52:T52,"C3") -> 1 | Y52: =SUMPRODUCT((I52:INDEX(I52:T52,MONTH(TODAY()))="X")*1) -> 0 | Z52: =IFERROR(V52/U52,"") -> 0.5
A53: =Equipos!C51 -> 2-112266 | B53: =Equipos!D51 -> Desfibrilador | C53: =Equipos!E51 -> Endoscopía | D53: =Equipos!G51 -> CDT-P1-SA06 | E53: =Equipos!I51 -> Zoll | F53: =Equipos!J51 -> R SERIES ALS | G53: =Equipos!K51 -> AF12B020988 | K53: E | U53: =V53+W53+X53+COUNTIF(I53:T53,"R") -> 1 | V53: =COUNTIF(I53:T53,"E") -> 1 | W53: =COUNTIF(I53:T53,"X") -> 0 | X53: =COUNTIF(I53:T53,"C2")+COUNTIF(I53:T53,"C3") -> 0 | Y53: =SUMPRODUCT((I53:INDEX(I53:T53,MONTH(TODAY()))="X")*1) -> 0 | Z53: =IFERROR(V53/U53,"") -> 1
A54: =Equipos!C52 -> 2-112267 | B54: =Equipos!D52 -> Desfibrilador | C54: =Equipos!E52 -> UPC Adulto | D54: =Equipos!G52 -> UCI D | E54: =Equipos!I52 -> Nihon Kohden | F54: =Equipos!J52 -> TEC 5531E | G54: =Equipos!K52 -> 00889 | J54: C3 | L54: E | U54: =V54+W54+X54+COUNTIF(I54:T54,"R") -> 2 | V54: =COUNTIF(I54:T54,"E") -> 1 | W54: =COUNTIF(I54:T54,"X") -> 0 | X54: =COUNTIF(I54:T54,"C2")+COUNTIF(I54:T54,"C3") -> 1 | Y54: =SUMPRODUCT((I54:INDEX(I54:T54,MONTH(TODAY()))="X")*1) -> 0 | Z54: =IFERROR(V54/U54,"") -> 0.5
A55: =Equipos!C53 -> 2-023059 | B55: =Equipos!D53 -> Desfibrilador | C55: =Equipos!E53 -> Pediatría | D55: =Equipos!G53 -> Pediatréa EPA | E55: =Equipos!I53 -> Nihon Kohden | F55: =Equipos!J53 -> TEC 5531E | G55: =Equipos!K53 -> 00039 | I55: E | U55: =V55+W55+X55+COUNTIF(I55:T55,"R") -> 1 | V55: =COUNTIF(I55:T55,"E") -> 1 | W55: =COUNTIF(I55:T55,"X") -> 0 | X55: =COUNTIF(I55:T55,"C2")+COUNTIF(I55:T55,"C3") -> 0 | Y55: =SUMPRODUCT((I55:INDEX(I55:T55,MONTH(TODAY()))="X")*1) -> 0 | Z55: =IFERROR(V55/U55,"") -> 1
A56: =Equipos!C54 -> 2-112268 | B56: =Equipos!D54 -> Desfibrilador | C56: =Equipos!E54 -> Pabellones Gineco-Obstétricos | D56: =Equipos!G54 -> Pabellón Urgencia Obstétrica | E56: =Equipos!I54 -> Zoll | F56: =Equipos!J54 -> M SERIES | G56: =Equipos!K54 -> T03K52786 | M56: E | U56: =V56+W56+X56+COUNTIF(I56:T56,"R") -> 1 | V56: =COUNTIF(I56:T56,"E") -> 1 | W56: =COUNTIF(I56:T56,"X") -> 0 | X56: =COUNTIF(I56:T56,"C2")+COUNTIF(I56:T56,"C3") -> 0 | Y56: =SUMPRODUCT((I56:INDEX(I56:T56,MONTH(TODAY()))="X")*1) -> 0 | Z56: =IFERROR(V56/U56,"") -> 1
A57: =Equipos!C55 -> 2-015926 | B57: =Equipos!D55 -> Desfibrilador | C57: =Equipos!E55 -> Pabellones Gineco-Obstétricos | D57: =Equipos!G55 -> Recuperación Partos | E57: =Equipos!I55 -> Medtronic | F57: =Equipos!J55 -> Lifepack 20 | G57: =Equipos!K55 -> 40676147 | M57: E | U57: =V57+W57+X57+COUNTIF(I57:T57,"R") -> 1 | V57: =COUNTIF(I57:T57,"E") -> 1 | W57: =COUNTIF(I57:T57,"X") -> 0 | X57: =COUNTIF(I57:T57,"C2")+COUNTIF(I57:T57,"C3") -> 0 | Y57: =SUMPRODUCT((I57:INDEX(I57:T57,MONTH(TODAY()))="X")*1) -> 0 | Z57: =IFERROR(V57/U57,"") -> 1
A58: =Equipos!C56 -> 2-021577 | B58: =Equipos!D56 -> Desfibrilador | C58: =Equipos!E56 -> Cirugía Adulto | D58: =Equipos!G56 -> Bodega escritorio | E58: =Equipos!I56 -> Medtronic | F58: =Equipos!J56 -> Lifepack 20 | G58: =Equipos!K56 -> 39322210 | M58: E | U58: =V58+W58+X58+COUNTIF(I58:T58,"R") -> 1 | V58: =COUNTIF(I58:T58,"E") -> 1 | W58: =COUNTIF(I58:T58,"X") -> 0 | X58: =COUNTIF(I58:T58,"C2")+COUNTIF(I58:T58,"C3") -> 0 | Y58: =SUMPRODUCT((I58:INDEX(I58:T58,MONTH(TODAY()))="X")*1) -> 0 | Z58: =IFERROR(V58/U58,"") -> 1
A59: =Equipos!C57 -> 2-017416 | B59: =Equipos!D57 -> Desfibrilador | C59: =Equipos!E57 -> Pabellón Quirúrgico | D59: =Equipos!G57 -> CDT-P2-PA05 | E59: =Equipos!I57 -> Nihon Kohden | F59: =Equipos!J57 -> TEC 5531E | G59: =Equipos!K57 -> 00880 | L59: E | U59: =V59+W59+X59+COUNTIF(I59:T59,"R") -> 1 | V59: =COUNTIF(I59:T59,"E") -> 1 | W59: =COUNTIF(I59:T59,"X") -> 0 | X59: =COUNTIF(I59:T59,"C2")+COUNTIF(I59:T59,"C3") -> 0 | Y59: =SUMPRODUCT((I59:INDEX(I59:T59,MONTH(TODAY()))="X")*1) -> 0 | Z59: =IFERROR(V59/U59,"") -> 1
A60: =Equipos!C58 -> 2-024411 | B60: =Equipos!D58 -> Desfibrilador | C60: =Equipos!E58 -> Cirugía Adulto | D60: =Equipos!G58 -> EPB-P3-OF02 | E60: =Equipos!I58 -> Nihon Kohden | F60: =Equipos!J58 -> TEC 5531E | G60: =Equipos!K58 -> 00885 | L60: E | U60: =V60+W60+X60+COUNTIF(I60:T60,"R") -> 1 | V60: =COUNTIF(I60:T60,"E") -> 1 | W60: =COUNTIF(I60:T60,"X") -> 0 | X60: =COUNTIF(I60:T60,"C2")+COUNTIF(I60:T60,"C3") -> 0 | Y60: =SUMPRODUCT((I60:INDEX(I60:T60,MONTH(TODAY()))="X")*1) -> 0 | Z60: =IFERROR(V60/U60,"") -> 1
A61: =Equipos!C59 -> 2-112269 | B61: =Equipos!D59 -> Desfibrilador | C61: =Equipos!E59 -> Pabellón CMA | D61: =Equipos!G59 -> 0 | E61: =Equipos!I59 -> Nihon Kohden | F61: =Equipos!J59 -> TEC 5531E | G61: =Equipos!K59 -> 01818 | M61: E | U61: =V61+W61+X61+COUNTIF(I61:T61,"R") -> 1 | V61: =COUNTIF(I61:T61,"E") -> 1 | W61: =COUNTIF(I61:T61,"X") -> 0 | X61: =COUNTIF(I61:T61,"C2")+COUNTIF(I61:T61,"C3") -> 0 | Y61: =SUMPRODUCT((I61:INDEX(I61:T61,MONTH(TODAY()))="X")*1) -> 0 | Z61: =IFERROR(V61/U61,"") -> 1
A62: =Equipos!C60 -> 2-013928 | B62: =Equipos!D60 -> Desfibrilador | C62: =Equipos!E60 -> Pabellón CMA | D62: =Equipos!G60 -> 0 | E62: =Equipos!I60 -> Nihon Kohden | F62: =Equipos!J60 -> TEC 5531E | G62: =Equipos!K60 -> 00887 | M62: E | U62: =V62+W62+X62+COUNTIF(I62:T62,"R") -> 1 | V62: =COUNTIF(I62:T62,"E") -> 1 | W62: =COUNTIF(I62:T62,"X") -> 0 | X62: =COUNTIF(I62:T62,"C2")+COUNTIF(I62:T62,"C3") -> 0 | Y62: =SUMPRODUCT((I62:INDEX(I62:T62,MONTH(TODAY()))="X")*1) -> 0 | Z62: =IFERROR(V62/U62,"") -> 1
A63: =Equipos!C61 -> 2-017028 | B63: =Equipos!D61 -> Desfibrilador | C63: =Equipos!E61 -> Psiquiatría | D63: =Equipos!G61 -> CDT-P1-SA32 | E63: =Equipos!I61 -> Nihon Kohden | F63: =Equipos!J61 -> TEC 5531E | G63: =Equipos!K61 -> 00876 | L63: E | U63: =V63+W63+X63+COUNTIF(I63:T63,"R") -> 1 | V63: =COUNTIF(I63:T63,"E") -> 1 | W63: =COUNTIF(I63:T63,"X") -> 0 | X63: =COUNTIF(I63:T63,"C2")+COUNTIF(I63:T63,"C3") -> 0 | Y63: =SUMPRODUCT((I63:INDEX(I63:T63,MONTH(TODAY()))="X")*1) -> 0 | Z63: =IFERROR(V63/U63,"") -> 1
A64: =Equipos!C62 -> 2-017177 | B64: =Equipos!D62 -> Desfibrilador | C64: =Equipos!E62 -> Psiquiatría | D64: =Equipos!G62 -> CDT-P2-E.E02 | E64: =Equipos!I62 -> Nihon Kohden | F64: =Equipos!J62 -> TEC 5521E | G64: =Equipos!K62 -> 00795 | L64: E | U64: =V64+W64+X64+COUNTIF(I64:T64,"R") -> 1 | V64: =COUNTIF(I64:T64,"E") -> 1 | W64: =COUNTIF(I64:T64,"X") -> 0 | X64: =COUNTIF(I64:T64,"C2")+COUNTIF(I64:T64,"C3") -> 0 | Y64: =SUMPRODUCT((I64:INDEX(I64:T64,MONTH(TODAY()))="X")*1) -> 0 | Z64: =IFERROR(V64/U64,"") -> 1
A65: =Equipos!C63 -> 2-024493 | B65: =Equipos!D63 -> Desfibrilador | C65: =Equipos!E63 -> Imagenología | D65: =Equipos!G63 -> Scanner | E65: =Equipos!I63 -> Nihon Kohden | F65: =Equipos!J63 -> TEC 5521E | G65: =Equipos!K63 -> 00790 | I65: E | U65: =V65+W65+X65+COUNTIF(I65:T65,"R") -> 1 | V65: =COUNTIF(I65:T65,"E") -> 1 | W65: =COUNTIF(I65:T65,"X") -> 0 | X65: =COUNTIF(I65:T65,"C2")+COUNTIF(I65:T65,"C3") -> 0 | Y65: =SUMPRODUCT((I65:INDEX(I65:T65,MONTH(TODAY()))="X")*1) -> 0 | Z65: =IFERROR(V65/U65,"") -> 1
A66: =Equipos!C64 -> 2-112287 | B66: =Equipos!D64 -> Desfibrilador | C66: =Equipos!E64 -> Imagenología | D66: =Equipos!G64 -> Angiógrafo | E66: =Equipos!I64 -> Nihon Kohden | F66: =Equipos!J64 -> TEC 5521E | G66: =Equipos!K64 -> 00083 | I66: E | U66: =V66+W66+X66+COUNTIF(I66:T66,"R") -> 1 | V66: =COUNTIF(I66:T66,"E") -> 1 | W66: =COUNTIF(I66:T66,"X") -> 0 | X66: =COUNTIF(I66:T66,"C2")+COUNTIF(I66:T66,"C3") -> 0 | Y66: =SUMPRODUCT((I66:INDEX(I66:T66,MONTH(TODAY()))="X")*1) -> 0 | Z66: =IFERROR(V66/U66,"") -> 1
A67: =Equipos!C65 -> 2-002720 | B67: =Equipos!D65 -> Desfibrilador | C67: =Equipos!E65 -> Traumatología | D67: =Equipos!G65 -> Cirugía Trauma | E67: =Equipos!I65 -> Nihon Kohden | F67: =Equipos!J65 -> TEC 5531E | G67: =Equipos!K65 -> 01811 | K67: E | U67: =V67+W67+X67+COUNTIF(I67:T67,"R") -> 1 | V67: =COUNTIF(I67:T67,"E") -> 1 | W67: =COUNTIF(I67:T67,"X") -> 0 | X67: =COUNTIF(I67:T67,"C2")+COUNTIF(I67:T67,"C3") -> 0 | Y67: =SUMPRODUCT((I67:INDEX(I67:T67,MONTH(TODAY()))="X")*1) -> 0 | Z67: =IFERROR(V67/U67,"") -> 1
A68: =Equipos!C66 -> 2-013295 | B68: =Equipos!D66 -> Desfibrilador | C68: =Equipos!E66 -> Neurocirugía | D68: =Equipos!G66 -> Sala 298 | E68: =Equipos!I66 -> Nihon Kohden | F68: =Equipos!J66 -> TEC 5521E | G68: =Equipos!K66 -> 01076 | K68: E | U68: =V68+W68+X68+COUNTIF(I68:T68,"R") -> 1 | V68: =COUNTIF(I68:T68,"E") -> 1 | W68: =COUNTIF(I68:T68,"X") -> 0 | X68: =COUNTIF(I68:T68,"C2")+COUNTIF(I68:T68,"C3") -> 0 | Y68: =SUMPRODUCT((I68:INDEX(I68:T68,MONTH(TODAY()))="X")*1) -> 0 | Z68: =IFERROR(V68/U68,"") -> 1
A69: =Equipos!C67 -> 2-003576 | B69: =Equipos!D67 -> Desfibrilador | C69: =Equipos!E67 -> Cirugía Adulto | D69: =Equipos!G67 -> EPC | E69: =Equipos!I67 -> Nihon Kohden | F69: =Equipos!J67 -> TEC 5531E | G69: =Equipos!K67 -> 01815 | M69: E | U69: =V69+W69+X69+COUNTIF(I69:T69,"R") -> 1 | V69: =COUNTIF(I69:T69,"E") -> 1 | W69: =COUNTIF(I69:T69,"X") -> 0 | X69: =COUNTIF(I69:T69,"C2")+COUNTIF(I69:T69,"C3") -> 0 | Y69: =SUMPRODUCT((I69:INDEX(I69:T69,MONTH(TODAY()))="X")*1) -> 0 | Z69: =IFERROR(V69/U69,"") -> 1
A70: =Equipos!C68 -> 2-021802 | B70: =Equipos!D68 -> Desfibrilador | C70: =Equipos!E68 -> UPC 3er Piso | D70: =Equipos!G68 -> Carro de paro | E70: =Equipos!I68 -> Nihon Kohden | F70: =Equipos!J68 -> TEC 5531E | G70: =Equipos!K68 -> 01810 | M70: E | U70: =V70+W70+X70+COUNTIF(I70:T70,"R") -> 1 | V70: =COUNTIF(I70:T70,"E") -> 1 | W70: =COUNTIF(I70:T70,"X") -> 0 | X70: =COUNTIF(I70:T70,"C2")+COUNTIF(I70:T70,"C3") -> 0 | Y70: =SUMPRODUCT((I70:INDEX(I70:T70,MONTH(TODAY()))="X")*1) -> 0 | Z70: =IFERROR(V70/U70,"") -> 1
A71: =Equipos!C69 -> 2-004033 | B71: =Equipos!D69 -> Desfibrilador | C71: =Equipos!E69 -> Ginecología | D71: =Equipos!G69 -> 0 | E71: =Equipos!I69 -> Zoll | F71: =Equipos!J69 -> R SERIES ALS | G71: =Equipos!K69 -> AF10H011861 | M71: E | U71: =V71+W71+X71+COUNTIF(I71:T71,"R") -> 1 | V71: =COUNTIF(I71:T71,"E") -> 1 | W71: =COUNTIF(I71:T71,"X") -> 0 | X71: =COUNTIF(I71:T71,"C2")+COUNTIF(I71:T71,"C3") -> 0 | Y71: =SUMPRODUCT((I71:INDEX(I71:T71,MONTH(TODAY()))="X")*1) -> 0 | Z71: =IFERROR(V71/U71,"") -> 1
A72: =Equipos!C70 -> 2-027959 | B72: =Equipos!D70 -> Desfibrilador | C72: =Equipos!E70 -> Neonatología | D72: =Equipos!G70 -> 0 | E72: =Equipos!I70 -> Zoll | F72: =Equipos!J70 -> R SERIES ALS | G72: =Equipos!K70 -> AF10G011487 | I72: E | U72: =V72+W72+X72+COUNTIF(I72:T72,"R") -> 1 | V72: =COUNTIF(I72:T72,"E") -> 1 | W72: =COUNTIF(I72:T72,"X") -> 0 | X72: =COUNTIF(I72:T72,"C2")+COUNTIF(I72:T72,"C3") -> 0 | Y72: =SUMPRODUCT((I72:INDEX(I72:T72,MONTH(TODAY()))="X")*1) -> 0 | Z72: =IFERROR(V72/U72,"") -> 1
A73: =Equipos!C71 -> 2-135456 | B73: =Equipos!D71 -> Desfibrilador | C73: =Equipos!E71 -> Imagenología | D73: =Equipos!G71 -> Angiógrafo | E73: =Equipos!I71 -> Nihon Kohden | F73: =Equipos!J71 -> TEC-5631 | G73: =Equipos!K71 -> 07900 | I73: E | U73: =V73+W73+X73+COUNTIF(I73:T73,"R") -> 1 | V73: =COUNTIF(I73:T73,"E") -> 1 | W73: =COUNTIF(I73:T73,"X") -> 0 | X73: =COUNTIF(I73:T73,"C2")+COUNTIF(I73:T73,"C3") -> 0 | Y73: =SUMPRODUCT((I73:INDEX(I73:T73,MONTH(TODAY()))="X")*1) -> 0 | Z73: =IFERROR(V73/U73,"") -> 1
A74: =Equipos!C72 -> 2-022181 | B74: =Equipos!D72 -> Desfibrilador | C74: =Equipos!E72 -> Quimioterapia Ambulatoria Adulto | D74: =Equipos!G72 -> EPC-P2 | E74: =Equipos!I72 -> Zoll | F74: =Equipos!J72 -> R SERIES ALS | G74: =Equipos!K72 -> AF12B020977 | K74: E | U74: =V74+W74+X74+COUNTIF(I74:T74,"R") -> 1 | V74: =COUNTIF(I74:T74,"E") -> 1 | W74: =COUNTIF(I74:T74,"X") -> 0 | X74: =COUNTIF(I74:T74,"C2")+COUNTIF(I74:T74,"C3") -> 0 | Y74: =SUMPRODUCT((I74:INDEX(I74:T74,MONTH(TODAY()))="X")*1) -> 0 | Z74: =IFERROR(V74/U74,"") -> 1
A75: =Equipos!C73 -> 2-112270 | B75: =Equipos!D73 -> Desfibrilador | C75: =Equipos!E73 -> Pediatría | D75: =Equipos!G73 -> Carro de paro | E75: =Equipos!I73 -> Nihon Kohden | F75: =Equipos!J73 -> TEC 5531E | G75: =Equipos!K73 -> 01814 | I75: E | U75: =V75+W75+X75+COUNTIF(I75:T75,"R") -> 1 | V75: =COUNTIF(I75:T75,"E") -> 1 | W75: =COUNTIF(I75:T75,"X") -> 0 | X75: =COUNTIF(I75:T75,"C2")+COUNTIF(I75:T75,"C3") -> 0 | Y75: =SUMPRODUCT((I75:INDEX(I75:T75,MONTH(TODAY()))="X")*1) -> 0 | Z75: =IFERROR(V75/U75,"") -> 1
A76: =Equipos!C74 -> 2-135846 | B76: =Equipos!D74 -> Desfibrilador | C76: =Equipos!E74 -> Traumatología | D76: =Equipos!G74 -> 0 | E76: =Equipos!I74 -> Nihon Kohden | F76: =Equipos!J74 -> TEC-5632E | G76: =Equipos!K74 -> 08104 | K76: E | U76: =V76+W76+X76+COUNTIF(I76:T76,"R") -> 1 | V76: =COUNTIF(I76:T76,"E") -> 1 | W76: =COUNTIF(I76:T76,"X") -> 0 | X76: =COUNTIF(I76:T76,"C2")+COUNTIF(I76:T76,"C3") -> 0 | Y76: =SUMPRODUCT((I76:INDEX(I76:T76,MONTH(TODAY()))="X")*1) -> 0 | Z76: =IFERROR(V76/U76,"") -> 1
A77: =Equipos!C75 -> 2-008958 | B77: =Equipos!D75 -> Desfibrilador | C77: =Equipos!E75 -> Pediatría | D77: =Equipos!G75 -> Pasillo | E77: =Equipos!I75 -> Nihon Kohden | F77: =Equipos!J75 -> TEC 5521E | G77: =Equipos!K75 -> 00082 | I77: E | U77: =V77+W77+X77+COUNTIF(I77:T77,"R") -> 1 | V77: =COUNTIF(I77:T77,"E") -> 1 | W77: =COUNTIF(I77:T77,"X") -> 0 | X77: =COUNTIF(I77:T77,"C2")+COUNTIF(I77:T77,"C3") -> 0 | Y77: =SUMPRODUCT((I77:INDEX(I77:T77,MONTH(TODAY()))="X")*1) -> 0 | Z77: =IFERROR(V77/U77,"") -> 1
A78: =Equipos!C76 -> 2-119676 | B78: =Equipos!D76 -> Desfibrilador | C78: =Equipos!E76 -> UPC Adulto | D78: =Equipos!G76 -> P2 | E78: =Equipos!I76 -> Zoll | F78: =Equipos!J76 -> M2 | G78: =Equipos!K76 -> (21)BA19F000019 | J78: E | U78: =V78+W78+X78+COUNTIF(I78:T78,"R") -> 1 | V78: =COUNTIF(I78:T78,"E") -> 1 | W78: =COUNTIF(I78:T78,"X") -> 0 | X78: =COUNTIF(I78:T78,"C2")+COUNTIF(I78:T78,"C3") -> 0 | Y78: =SUMPRODUCT((I78:INDEX(I78:T78,MONTH(TODAY()))="X")*1) -> 0 | Z78: =IFERROR(V78/U78,"") -> 1
A79: =Equipos!C77 -> 2-004405 | B79: =Equipos!D77 -> Desfibrilador | C79: =Equipos!E77 -> Medicina | D79: =Equipos!G77 -> 5TO PISO TN | E79: =Equipos!I77 -> Nihon Kohden | F79: =Equipos!J77 -> TEC 5531E | G79: =Equipos!K77 -> 01812 | J79: E | U79: =V79+W79+X79+COUNTIF(I79:T79,"R") -> 1 | V79: =COUNTIF(I79:T79,"E") -> 1 | W79: =COUNTIF(I79:T79,"X") -> 0 | X79: =COUNTIF(I79:T79,"C2")+COUNTIF(I79:T79,"C3") -> 0 | Y79: =SUMPRODUCT((I79:INDEX(I79:T79,MONTH(TODAY()))="X")*1) -> 0 | Z79: =IFERROR(V79/U79,"") -> 1
A80: =Equipos!C78 -> 2-008665 | B80: =Equipos!D78 -> Desfibrilador | C80: =Equipos!E78 -> Medicina | D80: =Equipos!G78 -> 5TO PISO EPA | E80: =Equipos!I78 -> Nihon Kohden | F80: =Equipos!J78 -> TEC 5521E | G80: =Equipos!K78 -> 00342 | J80: E | U80: =V80+W80+X80+COUNTIF(I80:T80,"R") -> 1 | V80: =COUNTIF(I80:T80,"E") -> 1 | W80: =COUNTIF(I80:T80,"X") -> 0 | X80: =COUNTIF(I80:T80,"C2")+COUNTIF(I80:T80,"C3") -> 0 | Y80: =SUMPRODUCT((I80:INDEX(I80:T80,MONTH(TODAY()))="X")*1) -> 0 | Z80: =IFERROR(V80/U80,"") -> 1
A81: =Equipos!C79 -> 2-135837 | B81: =Equipos!D79 -> Desfibrilador | C81: =Equipos!E79 -> TROI | D81: =Equipos!G79 -> 0 | E81: =Equipos!I79 -> Mindray | F81: =Equipos!J79 -> BeneHeart D30 | G81: =Equipos!K79 -> FP5-49011641 | L81: E | U81: =V81+W81+X81+COUNTIF(I81:T81,"R") -> 1 | V81: =COUNTIF(I81:T81,"E") -> 1 | W81: =COUNTIF(I81:T81,"X") -> 0 | X81: =COUNTIF(I81:T81,"C2")+COUNTIF(I81:T81,"C3") -> 0 | Y81: =SUMPRODUCT((I81:INDEX(I81:T81,MONTH(TODAY()))="X")*1) -> 0 | Z81: =IFERROR(V81/U81,"") -> 1
A82: =Equipos!C80 -> 2-021249 | B82: =Equipos!D80 -> Desfibrilador | C82: =Equipos!E80 -> Cirugía Infantil | D82: =Equipos!G80 -> Sala procedmiento cirugíaa infantil | E82: =Equipos!I80 -> Nihon Kohden | F82: =Equipos!J80 -> TEC 5531E | G82: =Equipos!K80 -> 01813 | I82: E | U82: =V82+W82+X82+COUNTIF(I82:T82,"R") -> 1 | V82: =COUNTIF(I82:T82,"E") -> 1 | W82: =COUNTIF(I82:T82,"X") -> 0 | X82: =COUNTIF(I82:T82,"C2")+COUNTIF(I82:T82,"C3") -> 0 | Y82: =SUMPRODUCT((I82:INDEX(I82:T82,MONTH(TODAY()))="X")*1) -> 0 | Z82: =IFERROR(V82/U82,"") -> 1
A83: =Equipos!C81 -> 2-004271 | B83: =Equipos!D81 -> Desfibrilador | C83: =Equipos!E81 -> Medicina Materno Fetal | D83: =Equipos!G81 -> P4-TNB | E83: =Equipos!I81 -> Nihon Kohden | F83: =Equipos!J81 -> TEC 5531E | G83: =Equipos!K81 -> 00883 | M83: E | U83: =V83+W83+X83+COUNTIF(I83:T83,"R") -> 1 | V83: =COUNTIF(I83:T83,"E") -> 1 | W83: =COUNTIF(I83:T83,"X") -> 0 | X83: =COUNTIF(I83:T83,"C2")+COUNTIF(I83:T83,"C3") -> 0 | Y83: =SUMPRODUCT((I83:INDEX(I83:T83,MONTH(TODAY()))="X")*1) -> 0 | Z83: =IFERROR(V83/U83,"") -> 1
A84: =Equipos!C82 -> 2-003814 | B84: =Equipos!D82 -> Desfibrilador | C84: =Equipos!E82 -> Cirugía Adulto | D84: =Equipos!G82 -> EPA | E84: =Equipos!I82 -> Nihon Kohden | F84: =Equipos!J82 -> TEC 5531E | G84: =Equipos!K82 -> 01796 | M84: E | U84: =V84+W84+X84+COUNTIF(I84:T84,"R") -> 1 | V84: =COUNTIF(I84:T84,"E") -> 1 | W84: =COUNTIF(I84:T84,"X") -> 0 | X84: =COUNTIF(I84:T84,"C2")+COUNTIF(I84:T84,"C3") -> 0 | Y84: =SUMPRODUCT((I84:INDEX(I84:T84,MONTH(TODAY()))="X")*1) -> 0 | Z84: =IFERROR(V84/U84,"") -> 1
A85: =Equipos!C83 -> 0 | B85: =Equipos!D83 -> Desfibrilador | C85: =Equipos!E83 -> 0 | D85: =Equipos!G83 -> 0 | E85: =Equipos!I83 -> 0 | F85: =Equipos!J83 -> 0 | G85: =Equipos!K83 -> 0 | U85: =V85+W85+X85+COUNTIF(I85:T85,"R") -> 0 | V85: =COUNTIF(I85:T85,"E") -> 0 | W85: =COUNTIF(I85:T85,"X") -> 0 | X85: =COUNTIF(I85:T85,"C2")+COUNTIF(I85:T85,"C3") -> 0 | Y85: =SUMPRODUCT((I85:INDEX(I85:T85,MONTH(TODAY()))="X")*1) -> 0 | Z85: =IFERROR(V85/U85,"")
A86: =Equipos!C84 -> 2-002799 | B86: =Equipos!D84 -> Desfibrilador | C86: =Equipos!E84 -> Quimioterapia Ambulatoria Adulto | D86: =Equipos!G84 -> EPC-P2 | E86: =Equipos!I84 -> Nihon Kohden | F86: =Equipos!J84 -> TEC 5531E | G86: =Equipos!K84 -> 01819 | K86: E | U86: =V86+W86+X86+COUNTIF(I86:T86,"R") -> 1 | V86: =COUNTIF(I86:T86,"E") -> 1 | W86: =COUNTIF(I86:T86,"X") -> 0 | X86: =COUNTIF(I86:T86,"C2")+COUNTIF(I86:T86,"C3") -> 0 | Y86: =SUMPRODUCT((I86:INDEX(I86:T86,MONTH(TODAY()))="X")*1) -> 0 | Z86: =IFERROR(V86/U86,"") -> 1
A87: =Equipos!C85 -> 0 | B87: =Equipos!D85 -> Desfibrilador | C87: =Equipos!E85 -> 0 | D87: =Equipos!G85 -> 0 | E87: =Equipos!I85 -> 0 | F87: =Equipos!J85 -> 0 | G87: =Equipos!K85 -> 0 | U87: =V87+W87+X87+COUNTIF(I87:T87,"R") -> 0 | V87: =COUNTIF(I87:T87,"E") -> 0 | W87: =COUNTIF(I87:T87,"X") -> 0 | X87: =COUNTIF(I87:T87,"C2")+COUNTIF(I87:T87,"C3") -> 0 | Y87: =SUMPRODUCT((I87:INDEX(I87:T87,MONTH(TODAY()))="X")*1) -> 0 | Z87: =IFERROR(V87/U87,"")
A88: =Equipos!C86 -> 2-022320 | B88: =Equipos!D86 -> Desfibrilador | C88: =Equipos!E86 -> Urgencias Gineco-Obstétricas | D88: =Equipos!G86 -> UPC-P1-SA20 | E88: =Equipos!I86 -> Zoll | F88: =Equipos!J86 -> R SERIES ALS | G88: =Equipos!K86 -> AF12B020983 | M88: E | U88: =V88+W88+X88+COUNTIF(I88:T88,"R") -> 1 | V88: =COUNTIF(I88:T88,"E") -> 1 | W88: =COUNTIF(I88:T88,"X") -> 0 | X88: =COUNTIF(I88:T88,"C2")+COUNTIF(I88:T88,"C3") -> 0 | Y88: =SUMPRODUCT((I88:INDEX(I88:T88,MONTH(TODAY()))="X")*1) -> 0 | Z88: =IFERROR(V88/U88,"") -> 1
A89: =Equipos!C87 -> 0 | B89: =Equipos!D87 -> Desfibrilador | C89: =Equipos!E87 -> 0 | D89: =Equipos!G87 -> 0 | E89: =Equipos!I87 -> 0 | F89: =Equipos!J87 -> 0 | G89: =Equipos!K87 -> 0 | U89: =V89+W89+X89+COUNTIF(I89:T89,"R") -> 0 | V89: =COUNTIF(I89:T89,"E") -> 0 | W89: =COUNTIF(I89:T89,"X") -> 0 | X89: =COUNTIF(I89:T89,"C2")+COUNTIF(I89:T89,"C3") -> 0 | Y89: =SUMPRODUCT((I89:INDEX(I89:T89,MONTH(TODAY()))="X")*1) -> 0 | Z89: =IFERROR(V89/U89,"")
A90: =Equipos!C88 -> 2-122452 | B90: =Equipos!D88 -> Desfibrilador | C90: =Equipos!E88 -> Pabellón Quirúrgico | D90: =Equipos!G88 -> 0 | E90: =Equipos!I88 -> Physio Control | F90: =Equipos!J88 -> Lifepak 15 | G90: =Equipos!K88 -> 49453842 | L90: E | U90: =V90+W90+X90+COUNTIF(I90:T90,"R") -> 1 | V90: =COUNTIF(I90:T90,"E") -> 1 | W90: =COUNTIF(I90:T90,"X") -> 0 | X90: =COUNTIF(I90:T90,"C2")+COUNTIF(I90:T90,"C3") -> 0 | Y90: =SUMPRODUCT((I90:INDEX(I90:T90,MONTH(TODAY()))="X")*1) -> 0 | Z90: =IFERROR(V90/U90,"") -> 1
A91: =Equipos!C89 -> 2-112272 | B91: =Equipos!D89 -> Desfibrilador | C91: =Equipos!E89 -> UPC Cardiovascular | D91: =Equipos!G89 -> Angiografo | E91: =Equipos!I89 -> Medtronic | F91: =Equipos!J89 -> Lifepack 20 | G91: =Equipos!K89 -> 30634707 | I91: E | U91: =V91+W91+X91+COUNTIF(I91:T91,"R") -> 1 | V91: =COUNTIF(I91:T91,"E") -> 1 | W91: =COUNTIF(I91:T91,"X") -> 0 | X91: =COUNTIF(I91:T91,"C2")+COUNTIF(I91:T91,"C3") -> 0 | Y91: =SUMPRODUCT((I91:INDEX(I91:T91,MONTH(TODAY()))="X")*1) -> 0 | Z91: =IFERROR(V91/U91,"") -> 1
A92: =Equipos!C90 -> 121010-020241 | B92: =Equipos!D90 -> DEA | C92: =Equipos!E90 -> SAMU | D92: =Equipos!G90 -> Movil 1305 | E92: =Equipos!I90 -> Zoll | F92: =Equipos!J90 -> AEDPLUS | G92: =Equipos!K90 -> X21J421750 | I92: E | J92: E | K92: E | L92: E | M92: E | U92: =V92+W92+X92+COUNTIF(I92:T92,"R") -> 5 | V92: =COUNTIF(I92:T92,"E") -> 5 | W92: =COUNTIF(I92:T92,"X") -> 0 | X92: =COUNTIF(I92:T92,"C2")+COUNTIF(I92:T92,"C3") -> 0 | Y92: =SUMPRODUCT((I92:INDEX(I92:T92,MONTH(TODAY()))="X")*1) -> 0 | Z92: =IFERROR(V92/U92,"") -> 1
A93: =Equipos!C91 -> 2-117263 | B93: =Equipos!D91 -> Desfibrilador | C93: =Equipos!E91 -> SAMU | D93: =Equipos!G91 -> Movil 1301 | E93: =Equipos!I91 -> Nihon Kohden | F93: =Equipos!J91 -> TEC-8352K | G93: =Equipos!K91 -> 01640 | L93: E | U93: =V93+W93+X93+COUNTIF(I93:T93,"R") -> 1 | V93: =COUNTIF(I93:T93,"E") -> 1 | W93: =COUNTIF(I93:T93,"X") -> 0 | X93: =COUNTIF(I93:T93,"C2")+COUNTIF(I93:T93,"C3") -> 0 | Y93: =SUMPRODUCT((I93:INDEX(I93:T93,MONTH(TODAY()))="X")*1) -> 0 | Z93: =IFERROR(V93/U93,"") -> 1
A94: =Equipos!C92 -> 2-017206 | B94: =Equipos!D92 -> Desfibrilador | C94: =Equipos!E92 -> SAMU | D94: =Equipos!G92 -> Movil 1302 | E94: =Equipos!I92 -> Zoll | F94: =Equipos!J92 -> R SERIES ALS | G94: =Equipos!K92 -> AF12B020986 | L94: E | U94: =V94+W94+X94+COUNTIF(I94:T94,"R") -> 1 | V94: =COUNTIF(I94:T94,"E") -> 1 | W94: =COUNTIF(I94:T94,"X") -> 0 | X94: =COUNTIF(I94:T94,"C2")+COUNTIF(I94:T94,"C3") -> 0 | Y94: =SUMPRODUCT((I94:INDEX(I94:T94,MONTH(TODAY()))="X")*1) -> 0 | Z94: =IFERROR(V94/U94,"") -> 1
A95: =Equipos!C93 -> 2-124605 | B95: =Equipos!D93 -> DEA | C95: =Equipos!E93 -> Gestión de Pacientes | D95: =Equipos!G93 -> Movil SHLF-84 | E95: =Equipos!I93 -> Mindray | F95: =Equipos!J93 -> BeneHeart C2 | G95: =Equipos!K93 -> AE7-24048210 | I95: E | J95: E | K95: E | L95: E | M95: E | U95: =V95+W95+X95+COUNTIF(I95:T95,"R") -> 5 | V95: =COUNTIF(I95:T95,"E") -> 5 | W95: =COUNTIF(I95:T95,"X") -> 0 | X95: =COUNTIF(I95:T95,"C2")+COUNTIF(I95:T95,"C3") -> 0 | Y95: =SUMPRODUCT((I95:INDEX(I95:T95,MONTH(TODAY()))="X")*1) -> 0 | Z95: =IFERROR(V95/U95,"") -> 1
A96: =Equipos!C94 -> 2-024418 | B96: =Equipos!D94 -> Desfibrilador | C96: =Equipos!E94 -> Pabellón Quirúrgico | D96: =Equipos!G94 -> CDT-P2-PA05 | E96: =Equipos!I94 -> Medtronic | F96: =Equipos!J94 -> Lifepack 20 | G96: =Equipos!K94 -> 40979213 | L96: E | U96: =V96+W96+X96+COUNTIF(I96:T96,"R") -> 1 | V96: =COUNTIF(I96:T96,"E") -> 1 | W96: =COUNTIF(I96:T96,"X") -> 0 | X96: =COUNTIF(I96:T96,"C2")+COUNTIF(I96:T96,"C3") -> 0 | Y96: =SUMPRODUCT((I96:INDEX(I96:T96,MONTH(TODAY()))="X")*1) -> 0 | Z96: =IFERROR(V96/U96,"") -> 1
A97: =Equipos!C95 -> 2-134460 | B97: =Equipos!D95 -> DEA | C97: =Equipos!E95 -> CDT | D97: =Equipos!G95 -> 0 | E97: =Equipos!I95 -> Nihon Kohden | F97: =Equipos!J95 -> AED-3100K | G97: =Equipos!K95 -> 40422 | I97: E | J97: E | K97: E | L97: E | M97: E | U97: =V97+W97+X97+COUNTIF(I97:T97,"R") -> 5 | V97: =COUNTIF(I97:T97,"E") -> 5 | W97: =COUNTIF(I97:T97,"X") -> 0 | X97: =COUNTIF(I97:T97,"C2")+COUNTIF(I97:T97,"C3") -> 0 | Y97: =SUMPRODUCT((I97:INDEX(I97:T97,MONTH(TODAY()))="X")*1) -> 0 | Z97: =IFERROR(V97/U97,"") -> 1
A98: =Equipos!C96 -> 2-112273 | B98: =Equipos!D96 -> DEA | C98: =Equipos!E96 -> Prevención de Riesgos | D98: =Equipos!G96 -> CDT 1ER Piso | E98: =Equipos!I96 -> DEFIBTECH | F98: =Equipos!J96 -> LIFE LINE | G98: =Equipos!K96 -> 122002994 | I98: E | J98: E | K98: E | L98: E | M98: E | U98: =V98+W98+X98+COUNTIF(I98:T98,"R") -> 5 | V98: =COUNTIF(I98:T98,"E") -> 5 | W98: =COUNTIF(I98:T98,"X") -> 0 | X98: =COUNTIF(I98:T98,"C2")+COUNTIF(I98:T98,"C3") -> 0 | Y98: =SUMPRODUCT((I98:INDEX(I98:T98,MONTH(TODAY()))="X")*1) -> 0 | Z98: =IFERROR(V98/U98,"") -> 1
A99: =Equipos!C97 -> 2-112274 | B99: =Equipos!D97 -> DEA | C99: =Equipos!E97 -> Prevención de Riesgos | D99: =Equipos!G97 -> Hall 1º Piso EP | E99: =Equipos!I97 -> DEFIBTECH | F99: =Equipos!J97 -> LIFE LINE | G99: =Equipos!K97 -> 122003001 | I99: E | J99: E | K99: E | L99: E | M99: E | U99: =V99+W99+X99+COUNTIF(I99:T99,"R") -> 5 | V99: =COUNTIF(I99:T99,"E") -> 5 | W99: =COUNTIF(I99:T99,"X") -> 0 | X99: =COUNTIF(I99:T99,"C2")+COUNTIF(I99:T99,"C3") -> 0 | Y99: =SUMPRODUCT((I99:INDEX(I99:T99,MONTH(TODAY()))="X")*1) -> 0 | Z99: =IFERROR(V99/U99,"") -> 1
A100: =Equipos!C98 -> 2-112275 | B100: =Equipos!D98 -> DEA | C100: =Equipos!E98 -> Prevención de Riesgos | D100: =Equipos!G98 -> Urgencia Infantil | E100: =Equipos!I98 -> DEFIBTECH | F100: =Equipos!J98 -> LIFE LINE | G100: =Equipos!K98 -> 122002995 | I100: E | J100: E | K100: E | L100: E | M100: E | U100: =V100+W100+X100+COUNTIF(I100:T100,"R") -> 5 | V100: =COUNTIF(I100:T100,"E") -> 5 | W100: =COUNTIF(I100:T100,"X") -> 0 | X100: =COUNTIF(I100:T100,"C2")+COUNTIF(I100:T100,"C3") -> 0 | Y100: =SUMPRODUCT((I100:INDEX(I100:T100,MONTH(TODAY()))="X")*1) -> 0 | Z100: =IFERROR(V100/U100,"") -> 1
...

Sheet Registro MP
A1: N° Inventario | B1: Equipo (auto) | C1: N° Serie (auto) | D1: Servicio (auto) | E1: Marca (auto) | F1: Modelo (auto) | G1: Mes / período programado | H1: Ejecución | I1: Empresa (si externo) | J1: Resultado | K1: Descripción del resultado | L1: Fecha de ejecución | M1: Estado del equipo | N1: Ingeniero que ejecutó | O1: Protocolo interno entregado | P1: Protocolo empresa entregado | Q1: Observaciones
A2: 2-115361 | B2: =IFERROR(VLOOKUP($A2,Equipos!$C$2:$M$967,2,FALSE()),"") -> Incubadora | C2: =IFERROR(VLOOKUP($A2,Equipos!$C$2:$M$967,9,FALSE()),"") -> ASJL-0008 | D2: =IFERROR(VLOOKUP($A2,Equipos!$C$2:$M$967,3,FALSE()),"") -> Neonatología | E2: =IFERROR(VLOOKUP($A2,Equipos!$C$2:$M$967,7,FALSE()),"") -> DRAGER | F2: =IFERROR(VLOOKUP($A2,Equipos!$C$2:$M$967,8,FALSE()),"") -> CALEO | G2: Febrero | J2: Sí | K2: =IFERROR(VLOOKUP($J2,Catálogos!$M$4:$N$17,2,FALSE()),"") -> Mantención Preventiva Realizada
A3: 2-115361 | B3: =IFERROR(VLOOKUP($A3,Equipos!$C$2:$M$967,2,FALSE()),"") -> Incubadora | C3: =IFERROR(VLOOKUP($A3,Equipos!$C$2:$M$967,9,FALSE()),"") -> ASJL-0008 | D3: =IFERROR(VLOOKUP($A3,Equipos!$C$2:$M$967,3,FALSE()),"") -> Neonatología | E3: =IFERROR(VLOOKUP($A3,Equipos!$C$2:$M$967,7,FALSE()),"") -> DRAGER | F3: =IFERROR(VLOOKUP($A3,Equipos!$C$2:$M$967,8,FALSE()),"") -> CALEO | G3: Mayo | J3: Sí | K3: =IFERROR(VLOOKUP($J3,Catálogos!$M$4:$N$17,2,FALSE()),"") -> Mantención Preventiva Realizada
A4: 2-116070 | B4: =IFERROR(VLOOKUP($A4,Equipos!$C$2:$M$967,2,FALSE()),"") -> Incubadora | C4: =IFERROR(VLOOKUP($A4,Equipos!$C$2:$M$967,9,FALSE()),"") -> TABX62307 | D4: =IFERROR(VLOOKUP($A4,Equipos!$C$2:$M$967,3,FALSE()),"") -> Neonatología | E4: =IFERROR(VLOOKUP($A4,Equipos!$C$2:$M$967,7,FALSE()),"") -> GENERAL ELECTRIC | F4: =IFERROR(VLOOKUP($A4,Equipos!$C$2:$M$967,8,FALSE()),"") -> GIRAFFE OMNIBED CARESTATION | G4: Febrero | J4: Sí | K4: =IFERROR(VLOOKUP($J4,Catálogos!$M$4:$N$17,2,FALSE()),"") -> Mantención Preventiva Realizada
A5: 2-116070 | B5: =IFERROR(VLOOKUP($A5,Equipos!$C$2:$M$967,2,FALSE()),"") -> Incubadora | C5: =IFERROR(VLOOKUP($A5,Equipos!$C$2:$M$967,9,FALSE()),"") -> TABX62307 | D5: =IFERROR(VLOOKUP($A5,Equipos!$C$2:$M$967,3,FALSE()),"") -> Neonatología | E5: =IFERROR(VLOOKUP($A5,Equipos!$C$2:$M$967,7,FALSE()),"") -> GENERAL ELECTRIC | F5: =IFERROR(VLOOKUP($A5,Equipos!$C$2:$M$967,8,FALSE()),"") -> GIRAFFE OMNIBED CARESTATION | G5: Mayo | J5: Sí | K5: =IFERROR(VLOOKUP($J5,Catálogos!$M$4:$N$17,2,FALSE()),"") -> Mantención Preventiva Realizada
A6: 2-116071 | B6: =IFERROR(VLOOKUP($A6,Equipos!$C$2:$M$967,2,FALSE()),"") -> Incubadora | C6: =IFERROR(VLOOKUP($A6,Equipos!$C$2:$M$967,9,FALSE()),"") -> TABX62308 | D6: =IFERROR(VLOOKUP($A6,Equipos!$C$2:$M$967,3,FALSE()),"") -> Neonatología | E6: =IFERROR(VLOOKUP($A6,Equipos!$C$2:$M$967,7,FALSE()),"") -> GENERAL ELECTRIC | F6: =IFERROR(VLOOKUP($A6,Equipos!$C$2:$M$967,8,FALSE()),"") -> GIRAFFE OMNIBED CARESTATION | G6: Febrero | J6: Sí | K6: =IFERROR(VLOOKUP($J6,Catálogos!$M$4:$N$17,2,FALSE()),"") -> Mantención Preventiva Realizada
A7: 2-116071 | B7: =IFERROR(VLOOKUP($A7,Equipos!$C$2:$M$967,2,FALSE()),"") -> Incubadora | C7: =IFERROR(VLOOKUP($A7,Equipos!$C$2:$M$967,9,FALSE()),"") -> TABX62308 | D7: =IFERROR(VLOOKUP($A7,Equipos!$C$2:$M$967,3,FALSE()),"") -> Neonatología | E7: =IFERROR(VLOOKUP($A7,Equipos!$C$2:$M$967,7,FALSE()),"") -> GENERAL ELECTRIC | F7: =IFERROR(VLOOKUP($A7,Equipos!$C$2:$M$967,8,FALSE()),"") -> GIRAFFE OMNIBED CARESTATION | G7: Mayo | J7: Sí | K7: =IFERROR(VLOOKUP($J7,Catálogos!$M$4:$N$17,2,FALSE()),"") -> Mantención Preventiva Realizada
A8: 2-116018 | B8: =IFERROR(VLOOKUP($A8,Equipos!$C$2:$M$967,2,FALSE()),"") -> Incubadora | C8: =IFERROR(VLOOKUP($A8,Equipos!$C$2:$M$967,9,FALSE()),"") -> ASHM-0118 | D8: =IFERROR(VLOOKUP($A8,Equipos!$C$2:$M$967,3,FALSE()),"") -> Neonatología | E8: =IFERROR(VLOOKUP($A8,Equipos!$C$2:$M$967,7,FALSE()),"") -> DRAGER | F8: =IFERROR(VLOOKUP($A8,Equipos!$C$2:$M$967,8,FALSE()),"") -> CALEO | G8: Febrero | J8: Sí | K8: =IFERROR(VLOOKUP($J8,Catálogos!$M$4:$N$17,2,FALSE()),"") -> Mantención Preventiva Realizada
A9: 2-116018 | B9: =IFERROR(VLOOKUP($A9,Equipos!$C$2:$M$967,2,FALSE()),"") -> Incubadora | C9: =IFERROR(VLOOKUP($A9,Equipos!$C$2:$M$967,9,FALSE()),"") -> ASHM-0118 | D9: =IFERROR(VLOOKUP($A9,Equipos!$C$2:$M$967,3,FALSE()),"") -> Neonatología | E9: =IFERROR(VLOOKUP($A9,Equipos!$C$2:$M$967,7,FALSE()),"") -> DRAGER | F9: =IFERROR(VLOOKUP($A9,Equipos!$C$2:$M$967,8,FALSE()),"") -> CALEO | G9: Mayo | J9: Sí | K9: =IFERROR(VLOOKUP($J9,Catálogos!$M$4:$N$17,2,FALSE()),"") -> Mantención Preventiva Realizada
A10: 2-116072 | B10: =IFERROR(VLOOKUP($A10,Equipos!$C$2:$M$967,2,FALSE()),"") -> Incubadora | C10: =IFERROR(VLOOKUP($A10,Equipos!$C$2:$M$967,9,FALSE()),"") -> TABX62309 | D10: =IFERROR(VLOOKUP($A10,Equipos!$C$2:$M$967,3,FALSE()),"") -> Neonatología | E10: =IFERROR(VLOOKUP($A10,Equipos!$C$2:$M$967,7,FALSE()),"") -> GENERAL ELECTRIC | F10: =IFERROR(VLOOKUP($A10,Equipos!$C$2:$M$967,8,FALSE()),"") -> GIRAFFE OMNIBED CARESTATION | G10: Febrero | J10: Sí | K10: =IFERROR(VLOOKUP($J10,Catálogos!$M$4:$N$17,2,FALSE()),"") -> Mantención Preventiva Realizada
A11: N/A | B11: =IFERROR(VLOOKUP($A11,Equipos!$C$2:$M$967,2,FALSE()),"") | C11: =IFERROR(VLOOKUP($A11,Equipos!$C$2:$M$967,9,FALSE()),"") | D11: =IFERROR(VLOOKUP($A11,Equipos!$C$2:$M$967,3,FALSE()),"") | E11: =IFERROR(VLOOKUP($A11,Equipos!$C$2:$M$967,7,FALSE()),"") | F11: =IFERROR(VLOOKUP($A11,Equipos!$C$2:$M$967,8,FALSE()),"") | G11: Febrero | J11: Baja | K11: =IFERROR(VLOOKUP($J11,Catálogos!$M$4:$N$17,2,FALSE()),"") -> Equipo Dado de Baja
A12: 2-022133 | B12: =IFERROR(VLOOKUP($A12,Equipos!$C$2:$M$967,2,FALSE()),"") -> Incubadora | C12: =IFERROR(VLOOKUP($A12,Equipos!$C$2:$M$967,9,FALSE()),"") -> VD03887 | D12: =IFERROR(VLOOKUP($A12,Equipos!$C$2:$M$967,3,FALSE()),"") -> Neonatología | E12: =IFERROR(VLOOKUP($A12,Equipos!$C$2:$M$967,7,FALSE()),"") -> HILL-ROM | F12: =IFERROR(VLOOKUP($A12,Equipos!$C$2:$M$967,8,FALSE()),"") -> TI500 | G12: Febrero | J12: Sí | K12: =IFERROR(VLOOKUP($J12,Catálogos!$M$4:$N$17,2,FALSE()),"") -> Mantención Preventiva Realizada
A13: 2-022133 | B13: =IFERROR(VLOOKUP($A13,Equipos!$C$2:$M$967,2,FALSE()),"") -> Incubadora | C13: =IFERROR(VLOOKUP($A13,Equipos!$C$2:$M$967,9,FALSE()),"") -> VD03887 | D13: =IFERROR(VLOOKUP($A13,Equipos!$C$2:$M$967,3,FALSE()),"") -> Neonatología | E13: =IFERROR(VLOOKUP($A13,Equipos!$C$2:$M$967,7,FALSE()),"") -> HILL-ROM | F13: =IFERROR(VLOOKUP($A13,Equipos!$C$2:$M$967,8,FALSE()),"") -> TI500 | G13: Mayo | J13: Sí | K13: =IFERROR(VLOOKUP($J13,Catálogos!$M$4:$N$17,2,FALSE()),"") -> Mantención Preventiva Realizada
... A280: 972-006742 | B280: =IFERROR(VLOOKUP($A280,Equipos!$C$2:$M$967,2,FALSE()),"") -> Ventilador Mecánico | C280: =IFERROR(VLOOKUP($A280,Equipos!$C$2:$M$967,9,FALSE()),"") -> 35B2004446 | D280: =IFERROR(VLOOKUP($A280,Equipos!$C$2:$M$967,3,FALSE()),"") -> UPC Cardiovascular | E280: =IFERROR(VLOOKUP($A280,Equipos!$C$2:$M$967,7,FALSE()),"") -> Puritan Bennett | F280: =IFERROR(VLOOKUP($A280,Equipos!$C$2:$M$967,8,FALSE()),"") -> 980 | G280: Enero | J280: Sí | K280: =IFERROR(VLOOKUP($J280,Catálogos!$M$4:$N$17,2,FALSE()),"") -> Mantención Preventiva Realizada
A281: 2-003526 | B281: =IFERROR(VLOOKUP($A281,Equipos!$C$2:$M$967,2,FALSE()),"") -> Ventilador Mecánico | C281: =IFERROR(VLOOKUP($A281,Equipos!$C$2:$M$967,9,FALSE()),"") -> ASCL-0116 | D281: =IFERROR(VLOOKUP($A281,Equipos!$C$2:$M$967,3,FALSE()),"") -> UPC Adulto | E281: =IFERROR(VLOOKUP($A281,Equipos!$C$2:$M$967,7,FALSE()),"") -> Drager | F281: =IFERROR(VLOOKUP($A281,Equipos!$C$2:$M$967,8,FALSE()),"") -> Oxylog 3000 | G281: Abril | H281: Interno | J281: C6 | K281: =IFERROR(VLOOKUP($J281,Catálogos!$M$4:$N$17,2,FALSE()),"") -> Reprogramada · No disponibilidad de horas hombre del servicio técnico externo | L281: 46142 | M281: Operativo | N281: Ricardo Matus Aroca
A282: 2-003526 | B282: =IFERROR(VLOOKUP($A282,Equipos!$C$2:$M$967,2,FALSE()),"") -> Ventilador Mecánico | C282: =IFERROR(VLOOKUP($A282,Equipos!$C$2:$M$967,9,FALSE()),"") -> ASCL-0116 | D282: =IFERROR(VLOOKUP($A282,Equipos!$C$2:$M$967,3,FALSE()),"") -> UPC Adulto | E282: =IFERROR(VLOOKUP($A282,Equipos!$C$2:$M$967,7,FALSE()),"") -> Drager | F282: =IFERROR(VLOOKUP($A282,Equipos!$C$2:$M$967,8,FALSE()),"") -> Oxylog 3000 | G282: Mayo | H282: Interno | J282: Sí | K282: =IFERROR(VLOOKUP($J282,Catálogos!$M$4:$N$17,2,FALSE()),"") -> Mantención Preventiva Realizada | L282: 46160 | M282: Operativo | N282: Ricardo Matus Aroca
A283: 2-116302 | B283: =IFERROR(VLOOKUP($A283,Equipos!$C$2:$M$967,2,FALSE()),"") -> Ventilador Mecánico | C283: =IFERROR(VLOOKUP($A283,Equipos!$C$2:$M$967,9,FALSE()),"") -> ASJA-0097 | D283: =IFERROR(VLOOKUP($A283,Equipos!$C$2:$M$967,3,FALSE()),"") -> UPC Pediátrica | E283: =IFERROR(VLOOKUP($A283,Equipos!$C$2:$M$967,7,FALSE()),"") -> Drager | F283: =IFERROR(VLOOKUP($A283,Equipos!$C$2:$M$967,8,FALSE()),"") -> Evita V300 | G283: Mayo | H283: Interno | J283: Sí | K283: =IFERROR(VLOOKUP($J283,Catálogos!$M$4:$N$17,2,FALSE()),"") -> Mantención Preventiva Realizada | L283: 46156 | M283: Operativo | N283: Ricardo Matus Aroca
A284: 2-003462 | B284: =IFERROR(VLOOKUP($A284,Equipos!$C$2:$M$967,2,FALSE()),"") -> Ventilador Mecánico | C284: =IFERROR(VLOOKUP($A284,Equipos!$C$2:$M$967,9,FALSE()),"") -> 3510094107 | D284: =IFERROR(VLOOKUP($A284,Equipos!$C$2:$M$967,3,FALSE()),"") -> UPC Cardiovascular | E284: =IFERROR(VLOOKUP($A284,Equipos!$C$2:$M$967,7,FALSE()),"") -> Puritan Bennett | F284: =IFERROR(VLOOKUP($A284,Equipos!$C$2:$M$967,8,FALSE()),"") -> 840/Sin Comp. | G284: Marzo | J284: C6 | K284: =IFERROR(VLOOKUP($J284,Catálogos!$M$4:$N$17,2,FALSE()),"") -> Reprogramada · No disponibilidad de horas hombre del servicio técnico externo
A285: 2-003462 | B285: =IFERROR(VLOOKUP($A285,Equipos!$C$2:$M$967,2,FALSE()),"") -> Ventilador Mecánico | C285: =IFERROR(VLOOKUP($A285,Equipos!$C$2:$M$967,9,FALSE()),"") -> 3510094107 | D285: =IFERROR(VLOOKUP($A285,Equipos!$C$2:$M$967,3,FALSE()),"") -> UPC Cardiovascular | E285: =IFERROR(VLOOKUP($A285,Equipos!$C$2:$M$967,7,FALSE()),"") -> Puritan Bennett | F285: =IFERROR(VLOOKUP($A285,Equipos!$C$2:$M$967,8,FALSE()),"") -> 840/Sin Comp. | G285: Abril | J285: Sí | K285: =IFERROR(VLOOKUP($J285,Catálogos!$M$4:$N$17,2,FALSE()),"") -> Mantención Preventiva Realizada
A286: 2-135144 | B286: =IFERROR(VLOOKUP($A286,Equipos!$C$2:$M$967,2,FALSE()),"") -> Ventilador Mecánico | C286: =IFERROR(VLOOKUP($A286,Equipos!$C$2:$M$967,9,FALSE()),"") -> HT7P200663 | D286: =IFERROR(VLOOKUP($A286,Equipos!$C$2:$M$967,3,FALSE()),"") -> SAMU | E286: =IFERROR(VLOOKUP($A286,Equipos!$C$2:$M$967,7,FALSE()),"") -> Newport | F286: =IFERROR(VLOOKUP($A286,Equipos!$C$2:$M$967,8,FALSE()),"") -> HT70 PLUS | G286: Marzo | J286: C6 | K286: =IFERROR(VLOOKUP($J286,Catálogos!$M$4:$N$17,2,FALSE()),"") -> Reprogramada · No disponibilidad de horas hombre del servicio técnico externo
A287: 2-135144 | B287: =IFERROR(VLOOKUP($A287,Equipos!$C$2:$M$967,2,FALSE()),"") -> Ventilador Mecánico | C287: =IFERROR(VLOOKUP($A287,Equipos!$C$2:$M$967,9,FALSE()),"") -> HT7P200663 | D287: =IFERROR(VLOOKUP($A287,Equipos!$C$2:$M$967,3,FALSE()),"") -> SAMU | E287: =IFERROR(VLOOKUP($A287,Equipos!$C$2:$M$967,7,FALSE()),"") -> Newport | F287: =IFERROR(VLOOKUP($A287,Equipos!$C$2:$M$967,8,FALSE()),"") -> HT70 PLUS | G287: Abril | J287: Sí | K287: =IFERROR(VLOOKUP($J287,Catálogos!$M$4:$N$17,2,FALSE()),"") -> Mantención Preventiva Realizada
A288: 2-003461 | B288: =IFERROR(VLOOKUP($A288,Equipos!$C$2:$M$967,2,FALSE()),"") -> Ventilador Mecánico | C288: =IFERROR(VLOOKUP($A288,Equipos!$C$2:$M$967,9,FALSE()),"") -> 3510053116 | D288: =IFERROR(VLOOKUP($A288,Equipos!$C$2:$M$967,3,FALSE()),"") -> UPC Cardiovascular | E288: =IFERROR(VLOOKUP($A288,Equipos!$C$2:$M$967,7,FALSE()),"") -> Puritan Bennett | F288: =IFERROR(VLOOKUP($A288,Equipos!$C$2:$M$967,8,FALSE()),"") -> 840 | G288: Marzo | J288: C6 | K288: =IFERROR(VLOOKUP($J288,Catálogos!$M$4:$N$17,2,FALSE()),"") -> Reprogramada · No disponibilidad de horas hombre del servicio técnico externo
A289: 2-003461 | B289: =IFERROR(VLOOKUP($A289,Equipos!$C$2:$M$967,2,FALSE()),"") -> Ventilador Mecánico | C289: =IFERROR(VLOOKUP($A289,Equipos!$C$2:$M$967,9,FALSE()),"") -> 3510053116 | D289: =IFERROR(VLOOKUP($A289,Equipos!$C$2:$M$967,3,FALSE()),"") -> UPC Cardiovascular | E289: =IFERROR(VLOOKUP($A289,Equipos!$C$2:$M$967,7,FALSE()),"") -> Puritan Bennett | F289: =IFERROR(VLOOKUP($A289,Equipos!$C$2:$M$967,8,FALSE()),"") -> 840 | G289: Abril | J289: Sí | K289: =IFERROR(VLOOKUP($J289,Catálogos!$M$4:$N$17,2,FALSE()),"") -> Mantención Preventiva Realizada
A290: 2-003452 | B290: =IFERROR(VLOOKUP($A290,Equipos!$C$2:$M$967,2,FALSE()),"") -> Ventilador Mecánico | C290: =IFERROR(VLOOKUP($A290,Equipos!$C$2:$M$967,9,FALSE()),"") -> 3510053070 | D290: =IFERROR(VLOOKUP($A290,Equipos!$C$2:$M$967,3,FALSE()),"") -> UPC Cardiovascular | E290: =IFERROR(VLOOKUP($A290,Equipos!$C$2:$M$967,7,FALSE()),"") -> Puritan Bennett | F290: =IFERROR(VLOOKUP($A290,Equipos!$C$2:$M$967,8,FALSE()),"") -> 840 | G290: Marzo | J290: C6 | K290: =IFERROR(VLOOKUP($J290,Catálogos!$M$4:$N$17,2,FALSE()),"") -> Reprogramada · No disponibilidad de horas hombre del servicio técnico externo | Q290: Se recomienda cambio de keypad
A291: 2-003452 | B291: =IFERROR(VLOOKUP($A291,Equipos!$C$2:$M$967,2,FALSE()),"") -> Ventilador Mecánico | C291: =IFERROR(VLOOKUP($A291,Equipos!$C$2:$M$967,9,FALSE()),"") -> 3510053070 | D291: =IFERROR(VLOOKUP($A291,Equipos!$C$2:$M$967,3,FALSE()),"") -> UPC Cardiovascular | E291: =IFERROR(VLOOKUP($A291,Equipos!$C$2:$M$967,7,FALSE()),"") -> Puritan Bennett | F291: =IFERROR(VLOOKUP($A291,Equipos!$C$2:$M$967,8,FALSE()),"") -> 840 | G291: Abril | J291: Sí | K291: =IFERROR(VLOOKUP($J291,Catálogos!$M$4:$N$17,2,FALSE()),"") -> Mantención Preventiva Realizada | Q291: Se recomienda cambio de keypad
A292: 2-112294 | B292: =IFERROR(VLOOKUP($A292,Equipos!$C$2:$M$967,2,FALSE()),"") -> Ventilador Alta Frecuencia | C292: =IFERROR(VLOOKUP($A292,Equipos!$C$2:$M$967,9,FALSE()),"") -> AJW01025 | D292: =IFERROR(VLOOKUP($A292,Equipos!$C$2:$M$967,3,FALSE()),"") -> UPC Pediátrica | E292: =IFERROR(VLOOKUP($A292,Equipos!$C$2:$M$967,7,FALSE()),"") -> CareFusion | F292: =IFERROR(VLOOKUP($A292,Equipos!$C$2:$M$967,8,FALSE()),"") -> Sensormedics 3100A | G292: Abril | J292: Sí | K292: =IFERROR(VLOOKUP($J292,Catálogos!$M$4:$N$17,2,FALSE()),"") -> Mantención Preventiva Realizada
A293: 2-119687 | B293: =IFERROR(VLOOKUP($A293,Equipos!$C$2:$M$967,2,FALSE()),"") -> Ventilador Mecánico | C293: =IFERROR(VLOOKUP($A293,Equipos!$C$2:$M$967,9,FALSE()),"") -> ASLE-0157 | D293: =IFERROR(VLOOKUP($A293,Equipos!$C$2:$M$967,3,FALSE()),"") -> UPC Adulto | E293: =IFERROR(VLOOKUP($A293,Equipos!$C$2:$M$967,7,FALSE()),"") -> Drager | F293: =IFERROR(VLOOKUP($A293,Equipos!$C$2:$M$967,8,FALSE()),"") -> Evita V300/SC | G293: Abril | H293: Externo | J293: C6 | K293: =IFERROR(VLOOKUP($J293,Catálogos!$M$4:$N$17,2,FALSE()),"") -> Reprogramada · No disponibilidad de horas hombre del servicio técnico externo | L293: 46142 | M293: Operativo | N293: Ricardo Matus Aroca
A294: 2-119687 | B294: =IFERROR(VLOOKUP($A294,Equipos!$C$2:$M$967,2,FALSE()),"") -> Ventilador Mecánico | C294: =IFERROR(VLOOKUP($A294,Equipos!$C$2:$M$967,9,FALSE()),"") -> ASLE-0157 | D294: =IFERROR(VLOOKUP($A294,Equipos!$C$2:$M$967,3,FALSE()),"") -> UPC Adulto | E294: =IFERROR(VLOOKUP($A294,Equipos!$C$2:$M$967,7,FALSE()),"") -> Drager | F294: =IFERROR(VLOOKUP($A294,Equipos!$C$2:$M$967,8,FALSE()),"") -> Evita V300/SC | G294: Mayo | H294: Externo | J294: Sí | K294: =IFERROR(VLOOKUP($J294,Catálogos!$M$4:$N$17,2,FALSE()),"") -> Mantención Preventiva Realizada | L294: 46147 | M294: Operativo | N294: Ricardo Matus Aroca
A295: 2-121208 | B295: =IFERROR(VLOOKUP($A295,Equipos!$C$2:$M$967,2,FALSE()),"") -> Ventilador Mecánico | C295: =IFERROR(VLOOKUP($A295,Equipos!$C$2:$M$967,9,FALSE()),"") -> MV2000UA1D0803 | D295: =IFERROR(VLOOKUP($A295,Equipos!$C$2:$M$967,3,FALSE()),"") -> UPC Adulto | E295: =IFERROR(VLOOKUP($A295,Equipos!$C$2:$M$967,7,FALSE()),"") -> MEK ICS | F295: =IFERROR(VLOOKUP($A295,Equipos!$C$2:$M$967,8,FALSE()),"") -> MV2000 EVO5 | G295: Abril | J295: Sí | K295: =IFERROR(VLOOKUP($J295,Catálogos!$M$4:$N$17,2,FALSE()),"") -> Mantención Preventiva Realizada
A296: 2-112298 | B296: =IFERROR(VLOOKUP($A296,Equipos!$C$2:$M$967,2,FALSE()),"") -> Ventilador Mecánico | C296: =IFERROR(VLOOKUP($A296,Equipos!$C$2:$M$967,9,FALSE()),"") -> 15062 | D296: =IFERROR(VLOOKUP($A296,Equipos!$C$2:$M$967,3,FALSE()),"") -> UPC Pediátrica | E296: =IFERROR(VLOOKUP($A296,Equipos!$C$2:$M$967,7,FALSE()),"") -> Maquet | F296: =IFERROR(VLOOKUP($A296,Equipos!$C$2:$M$967,8,FALSE()),"") -> Servo i | G296: Marzo | J296: C6 | K296: =IFERROR(VLOOKUP($J296,Catálogos!$M$4:$N$17,2,FALSE()),"") -> Reprogramada · No disponibilidad de horas hombre del servicio técnico externo
A297: 2-112298 | B297: =IFERROR(VLOOKUP($A297,Equipos!$C$2:$M$967,2,FALSE()),"") -> Ventilador Mecánico | C297: =IFERROR(VLOOKUP($A297,Equipos!$C$2:$M$967,9,FALSE()),"") -> 15062 | D297: =IFERROR(VLOOKUP($A297,Equipos!$C$2:$M$967,3,FALSE()),"") -> UPC Pediátrica | E297: =IFERROR(VLOOKUP($A297,Equipos!$C$2:$M$967,7,FALSE()),"") -> Maquet | F297: =IFERROR(VLOOKUP($A297,Equipos!$C$2:$M$967,8,FALSE()),"") -> Servo i | G297: Abril | J297: Sí | K297: =IFERROR(VLOOKUP($J297,Catálogos!$M$4:$N$17,2,FALSE()),"") -> Mantención Preventiva Realizada
A298: 2-112299 | B298: =IFERROR(VLOOKUP($A298,Equipos!$C$2:$M$967,2,FALSE()),"") -> Ventilador Mecánico | C298: =IFERROR(VLOOKUP($A298,Equipos!$C$2:$M$967,9,FALSE()),"") -> 27409 | D298: =IFERROR(VLOOKUP($A298,Equipos!$C$2:$M$967,3,FALSE()),"") -> UPC Pediátrica | E298: =IFERROR(VLOOKUP($A298,Equipos!$C$2:$M$967,7,FALSE()),"") -> Maquet | F298: =IFERROR(VLOOKUP($A298,Equipos!$C$2:$M$967,8,FALSE()),"") -> Servo i | G298: Marzo | J298: C6 | K298: =IFERROR(VLOOKUP($J298,Catálogos!$M$4:$N$17,2,FALSE()),"") -> Reprogramada · No disponibilidad de horas hombre del servicio técnico externo
A299: 2-112299 | B299: =IFERROR(VLOOKUP($A299,Equipos!$C$2:$M$967,2,FALSE()),"") -> Ventilador Mecánico | C299: =IFERROR(VLOOKUP($A299,Equipos!$C$2:$M$967,9,FALSE()),"") -> 27409 | D299: =IFERROR(VLOOKUP($A299,Equipos!$C$2:$M$967,3,FALSE()),"") -> UPC Pediátrica | E299: =IFERROR(VLOOKUP($A299,Equipos!$C$2:$M$967,7,FALSE()),"") -> Maquet | F299: =IFERROR(VLOOKUP($A299,Equipos!$C$2:$M$967,8,FALSE()),"") -> Servo i | G299: Abril | J299: Sí | K299: =IFERROR(VLOOKUP($J299,Catálogos!$M$4:$N$17,2,FALSE()),"") -> Mantención Preventiva Realizada
A300: 2-112301 | B300: =IFERROR(VLOOKUP($A300,Equipos!$C$2:$M$967,2,FALSE()),"") -> Ventilador Mecánico | C300: =IFERROR(VLOOKUP($A300,Equipos!$C$2:$M$967,9,FALSE()),"") -> 27406 | D300: =IFERROR(VLOOKUP($A300,Equipos!$C$2:$M$967,3,FALSE()),"") -> UPC Pediátrica | E300: =IFERROR(VLOOKUP($A300,Equipos!$C$2:$M$967,7,FALSE()),"") -> Maquet | F300: =IFERROR(VLOOKUP($A300,Equipos!$C$2:$M$967,8,FALSE()),"") -> Servo i RM | G300: Marzo | H300: Interno | J300: C3 | K300: =IFERROR(VLOOKUP($J300,Catálogos!$M$4:$N$17,2,FALSE()),"") -> Reprogramada · Equipo no operativo, a la espera de repuestos o accesorios | L300: 46112 | M300: Operativo | N300: Ricardo Matus Aroca
A301: 2-125486 | B301: =IFERROR(VLOOKUP($A301,Equipos!$C$2:$M$967,2,FALSE()),"") -> Ventilador Mecánico | C301: =IFERROR(VLOOKUP($A301,Equipos!$C$2:$M$967,9,FALSE()),"") -> TV019111110 | D301: =IFERROR(VLOOKUP($A301,Equipos!$C$2:$M$967,3,FALSE()),"") -> UPC Pediátrica | E301: =IFERROR(VLOOKUP($A301,Equipos!$C$2:$M$967,7,FALSE()),"") -> Philips | F301: =IFERROR(VLOOKUP($A301,Equipos!$C$2:$M$967,8,FALSE()),"") -> Trilogy 202 | G301: Marzo | J301: Sí | K301: =IFERROR(VLOOKUP($J301,Catálogos!$M$4:$N$17,2,FALSE()),"") -> Mantención Preventiva Realizada
A302: 2-116303 | B302: =IFERROR(VLOOKUP($A302,Equipos!$C$2:$M$967,2,FALSE()),"") -> Ventilador Mecánico | C302: =IFERROR(VLOOKUP($A302,Equipos!$C$2:$M$967,9,FALSE()),"") -> ASJA-0098 | D302: =IFERROR(VLOOKUP($A302,Equipos!$C$2:$M$967,3,FALSE()),"") -> UPC Pediátrica | E302: =IFERROR(VLOOKUP($A302,Equipos!$C$2:$M$967,7,FALSE()),"") -> Drager | F302: =IFERROR(VLOOKUP($A302,Equipos!$C$2:$M$967,8,FALSE()),"") -> Evita V300 | G302: Mayo | H302: Interno | J302: Sí | K302: =IFERROR(VLOOKUP($J302,Catálogos!$M$4:$N$17,2,FALSE()),"") -> Mantención Preventiva Realizada | L302: 46149 | M302: Operativo | N302: Ricardo Matus Aroca
A303: 2-116304 | B303: =IFERROR(VLOOKUP($A303,Equipos!$C$2:$M$967,2,FALSE()),"") -> Ventilador Mecánico | C303: =IFERROR(VLOOKUP($A303,Equipos!$C$2:$M$967,9,FALSE()),"") -> ASJF-0007 | D303: =IFERROR(VLOOKUP($A303,Equipos!$C$2:$M$967,3,FALSE()),"") -> UPC Pediátrica | E303: =IFERROR(VLOOKUP($A303,Equipos!$C$2:$M$967,7,FALSE()),"") -> Drager | F303: =IFERROR(VLOOKUP($A303,Equipos!$C$2:$M$967,8,FALSE()),"") -> Evita V300 | G303: Mayo | H303: Interno | J303: Sí | K303: =IFERROR(VLOOKUP($J303,Catálogos!$M$4:$N$17,2,FALSE()),"") -> Mantención Preventiva Realizada | L303: 46149 | M303: Operativo | N303: Ricardo Matus Aroca
A304: 2-116305 | B304: =IFERROR(VLOOKUP($A304,Equipos!$C$2:$M$967,2,FALSE()),"") -> Ventilador Mecánico | C304: =IFERROR(VLOOKUP($A304,Equipos!$C$2:$M$967,9,FALSE()),"") -> ASJF-0008 | D304: =IFERROR(VLOOKUP($A304,Equipos!$C$2:$M$967,3,FALSE()),"") -> UPC Pediátrica | E304: =IFERROR(VLOOKUP($A304,Equipos!$C$2:$M$967,7,FALSE()),"") -> Drager | F304: =IFERROR(VLOOKUP($A304,Equipos!$C$2:$M$967,8,FALSE()),"") -> Evita V300 | G304: Mayo | H304: Interno | J304: Sí | K304: =IFERROR(VLOOKUP($J304,Catálogos!$M$4:$N$17,2,FALSE()),"") -> Mantención Preventiva Realizada | L304: 46156 | M304: Operativo | N304: Ricardo Matus Aroca
A305: 2-116306 | B305: =IFERROR(VLOOKUP($A305,Equipos!$C$2:$M$967,2,FALSE()),"") -> Ventilador Mecánico | C305: =IFERROR(VLOOKUP($A305,Equipos!$C$2:$M$967,9,FALSE()),"") -> ASJL-0149 | D305: =IFERROR(VLOOKUP($A305,Equipos!$C$2:$M$967,3,FALSE()),"") -> UPC Pediátrica | E305: =IFERROR(VLOOKUP($A305,Equipos!$C$2:$M$967,7,FALSE()),"") -> Drager | F305: =IFERROR(VLOOKUP($A305,Equipos!$C$2:$M$967,8,FALSE()),"") -> Evita V300 | G305: Mayo | H305: Interno | J305: Sí | K305: =IFERROR(VLOOKUP($J305,Catálogos!$M$4:$N$17,2,FALSE()),"") -> Mantención Preventiva Realizada | L305: 46162 | M305: Operativo | N305: Ricardo Matus Aroca
A306: 2-116308 | B306: =IFERROR(VLOOKUP($A306,Equipos!$C$2:$M$967,2,FALSE()),"") -> Ventilador Mecánico | C306: =IFERROR(VLOOKUP($A306,Equipos!$C$2:$M$967,9,FALSE()),"") -> ASJA-0096 | D306: =IFERROR(VLOOKUP($A306,Equipos!$C$2:$M$967,3,FALSE()),"") -> UPC Pediátrica | E306: =IFERROR(VLOOKUP($A306,Equipos!$C$2:$M$967,7,FALSE()),"") -> Drager | F306: =IFERROR(VLOOKUP($A306,Equipos!$C$2:$M$967,8,FALSE()),"") -> Evita V300 | G306: Mayo | H306: Interno | J306: Sí | K306: =IFERROR(VLOOKUP($J306,Catálogos!$M$4:$N$17,2,FALSE()),"") -> Mantención Preventiva Realizada | L306: 46160 | M306: Operativo | N306: Ricardo Matus Aroca
A307: 2-013602 | B307: =IFERROR(VLOOKUP($A307,Equipos!$C$2:$M$967,2,FALSE()),"") -> Ventilador Mecánico | C307: =IFERROR(VLOOKUP($A307,Equipos!$C$2:$M$967,9,FALSE()),"") -> SRYM-0043 | D307: =IFERROR(VLOOKUP($A307,Equipos!$C$2:$M$967,3,FALSE()),"") -> UPC Adulto | E307: =IFERROR(VLOOKUP($A307,Equipos!$C$2:$M$967,7,FALSE()),"") -> Drager | F307: =IFERROR(VLOOKUP($A307,Equipos!$C$2:$M$967,8,FALSE()),"") -> Carina | G307: Febrero | J307: Baja | K307: =IFERROR(VLOOKUP($J307,Catálogos!$M$4:$N$17,2,FALSE()),"") -> Equipo Dado de Baja
A308: 2-112313 | B308: =IFERROR(VLOOKUP($A308,Equipos!$C$2:$M$967,2,FALSE()),"") -> Ventilador Mecánico | C308: =IFERROR(VLOOKUP($A308,Equipos!$C$2:$M$967,9,FALSE()),"") -> ASDB-0042 | D308: =IFERROR(VLOOKUP($A308,Equipos!$C$2:$M$967,3,FALSE()),"") -> Neonatología | E308: =IFERROR(VLOOKUP($A308,Equipos!$C$2:$M$967,7,FALSE()),"") -> Drager | F308: =IFERROR(VLOOKUP($A308,Equipos!$C$2:$M$967,8,FALSE()),"") -> VN500 | G308: Enero | J308: No | K308: =IFERROR(VLOOKUP($J308,Catálogos!$M$4:$N$17,2,FALSE()),"") -> No Realizada
A309: 2-027983 | B309: =IFERROR(VLOOKUP($A309,Equipos!$C$2:$M$967,2,FALSE()),"") -> Ventilador Alta Frecuencia | C309: =IFERROR(VLOOKUP($A309,Equipos!$C$2:$M$967,9,FALSE()),"") -> TMA24453 | D309: =IFERROR(VLOOKUP($A309,Equipos!$C$2:$M$967,3,FALSE()),"") -> Neonatología | E309: =IFERROR(VLOOKUP($A309,Equipos!$C$2:$M$967,7,FALSE()),"") -> CareFusion | F309: =IFERROR(VLOOKUP($A309,Equipos!$C$2:$M$967,8,FALSE()),"") -> Sensormedics 3100A | G309: Abril | J309: Sí | K309: =IFERROR(VLOOKUP($J309,Catálogos!$M$4:$N$17,2,FALSE()),"") -> Mantención Preventiva Realizada
A310: 2-112304 | B310: =IFERROR(VLOOKUP($A310,Equipos!$C$2:$M$967,2,FALSE()),"") -> Ventilador Alta Frecuencia | C310: =IFERROR(VLOOKUP($A310,Equipos!$C$2:$M$967,9,FALSE()),"") -> BBW01018 | D310: =IFERROR(VLOOKUP($A310,Equipos!$C$2:$M$967,3,FALSE()),"") -> UPC Pediátrica | E310: =IFERROR(VLOOKUP($A310,Equipos!$C$2:$M$967,7,FALSE()),"") -> CareFusion | F310: =IFERROR(VLOOKUP($A310,Equipos!$C$2:$M$967,8,FALSE()),"") -> Sensormedics 3100B | G310: Abril | J310: Sí | K310: =IFERROR(VLOOKUP($J310,Catálogos!$M$4:$N$17,2,FALSE()),"") -> Mantención Preventiva Realizada
A311: 2-125487 | B311: =IFERROR(VLOOKUP($A311,Equipos!$C$2:$M$967,2,FALSE()),"") -> Ventilador Mecánico | C311: =IFERROR(VLOOKUP($A311,Equipos!$C$2:$M$967,9,FALSE()),"") -> TV020010610 | D311: =IFERROR(VLOOKUP($A311,Equipos!$C$2:$M$967,3,FALSE()),"") -> UPC Pediátrica | E311: =IFERROR(VLOOKUP($A311,Equipos!$C$2:$M$967,7,FALSE()),"") -> Philips | F311: =IFERROR(VLOOKUP($A311,Equipos!$C$2:$M$967,8,FALSE()),"") -> Trilogy 202 | G311: Marzo | J311: Sí | K311: =IFERROR(VLOOKUP($J311,Catálogos!$M$4:$N$17,2,FALSE()),"") -> Mantención Preventiva Realizada
A312: 2-125490 | B312: =IFERROR(VLOOKUP($A312,Equipos!$C$2:$M$967,2,FALSE()),"") -> Ventilador Mecánico | C312: =IFERROR(VLOOKUP($A312,Equipos!$C$2:$M$967,9,FALSE()),"") -> TV019111203 | D312: =IFERROR(VLOOKUP($A312,Equipos!$C$2:$M$967,3,FALSE()),"") -> Urgencia Adulto (Prestado a Urgencia Infantil) | E312: =IFERROR(VLOOKUP($A312,Equipos!$C$2:$M$967,7,FALSE()),"") -> Philips | F312: =IFERROR(VLOOKUP($A312,Equipos!$C$2:$M$967,8,FALSE()),"") -> Trilogy 202 | G312: Marzo | J312: C6 | K312: =IFERROR(VLOOKUP($J312,Catálogos!$M$4:$N$17,2,FALSE()),"") -> Reprogramada · No disponibilidad de horas hombre del servicio técnico externo
A313: 2-125490 | B313: =IFERROR(VLOOKUP($A313,Equipos!$C$2:$M$967,2,FALSE()),"") -> Ventilador Mecánico | C313: =IFERROR(VLOOKUP($A313,Equipos!$C$2:$M$967,9,FALSE()),"") -> TV019111203 | D313: =IFERROR(VLOOKUP($A313,Equipos!$C$2:$M$967,3,FALSE()),"") -> Urgencia Adulto (Prestado a Urgencia Infantil) | E313: =IFERROR(VLOOKUP($A313,Equipos!$C$2:$M$967,7,FALSE()),"") -> Philips | F313: =IFERROR(VLOOKUP($A313,Equipos!$C$2:$M$967,8,FALSE()),"") -> Trilogy 202 | G313: Abril | J313: Sí | K313: =IFERROR(VLOOKUP($J313,Catálogos!$M$4:$N$17,2,FALSE()),"") -> Mantención Preventiva Realizada
A314: 2-118676 | B314: =IFERROR(VLOOKUP($A314,Equipos!$C$2:$M$967,2,FALSE()),"") -> Ventilador Mecánico | C314: =IFERROR(VLOOKUP($A314,Equipos!$C$2:$M$967,9,FALSE()),"") -> ASHC-0026 | D314: =IFERROR(VLOOKUP($A314,Equipos!$C$2:$M$967,3,FALSE()),"") -> Urgencia Adulto | E314: =IFERROR(VLOOKUP($A314,Equipos!$C$2:$M$967,7,FALSE()),"") -> Drager | F314: =IFERROR(VLOOKUP($A314,Equipos!$C$2:$M$967,8,FALSE()),"") -> Carina | G314: Mayo | J314: Sí | K314: =IFERROR(VLOOKUP($J314,Catálogos!$M$4:$N$17,2,FALSE()),"") -> Mantención Preventiva Realizada
A315: 2-119313 | B315: =IFERROR(VLOOKUP($A315,Equipos!$C$2:$M$967,2,FALSE()),"") -> Ventilador Mecánico | C315: =IFERROR(VLOOKUP($A315,Equipos!$C$2:$M$967,9,FALSE()),"") -> 201038729 | D315: =IFERROR(VLOOKUP($A315,Equipos!$C$2:$M$967,3,FALSE()),"") -> UPC Cardiovascular | E315: =IFERROR(VLOOKUP($A315,Equipos!$C$2:$M$967,7,FALSE()),"") -> Philips | F315: =IFERROR(VLOOKUP($A315,Equipos!$C$2:$M$967,8,FALSE()),"") -> Respironic V60 | G315: Marzo | J315: Sí | K315: =IFERROR(VLOOKUP($J315,Catálogos!$M$4:$N$17,2,FALSE()),"") -> Mantención Preventiva Realizada
A316: 2-125491 | B316: =IFERROR(VLOOKUP($A316,Equipos!$C$2:$M$967,2,FALSE()),"") -> Ventilador Mecánico | C316: =IFERROR(VLOOKUP($A316,Equipos!$C$2:$M$967,9,FALSE()),"") -> TV02001060B | D316: =IFERROR(VLOOKUP($A316,Equipos!$C$2:$M$967,3,FALSE()),"") -> Urgencia Adulto | E316: =IFERROR(VLOOKUP($A316,Equipos!$C$2:$M$967,7,FALSE()),"") -> Philips | F316: =IFERROR(VLOOKUP($A316,Equipos!$C$2:$M$967,8,FALSE()),"") -> Trilogy 202 | G316: Marzo | J316: Sí | K316: =IFERROR(VLOOKUP($J316,Catálogos!$M$4:$N$17,2,FALSE()),"") -> Mantención Preventiva Realizada
A317: 2-116288 | B317: =IFERROR(VLOOKUP($A317,Equipos!$C$2:$M$967,2,FALSE()),"") -> Ventilador Mecánico | C317: =IFERROR(VLOOKUP($A317,Equipos!$C$2:$M$967,9,FALSE()),"") -> ASJL-0099 | D317: =IFERROR(VLOOKUP($A317,Equipos!$C$2:$M$967,3,FALSE()),"") -> Neonatología | E317: =IFERROR(VLOOKUP($A317,Equipos!$C$2:$M$967,7,FALSE()),"") -> Drager | F317: =IFERROR(VLOOKUP($A317,Equipos!$C$2:$M$967,8,FALSE()),"") -> VN500 | G317: Mayo | J317: Sí | K317: =IFERROR(VLOOKUP($J317,Catálogos!$M$4:$N$17,2,FALSE()),"") -> Mantención Preventiva Realizada
A318: 2-125488 | B318: =IFERROR(VLOOKUP($A318,Equipos!$C$2:$M$967,2,FALSE()),"") -> Ventilador Mecánico | C318: =IFERROR(VLOOKUP($A318,Equipos!$C$2:$M$967,9,FALSE()),"") -> TV020010608 | D318: =IFERROR(VLOOKUP($A318,Equipos!$C$2:$M$967,3,FALSE()),"") -> UPC Pediátrica | E318: =IFERROR(VLOOKUP($A318,Equipos!$C$2:$M$967,7,FALSE()),"") -> Philips | F318: =IFERROR(VLOOKUP($A318,Equipos!$C$2:$M$967,8,FALSE()),"") -> Trilogy 202 | G318: Marzo | J318: Sí | K318: =IFERROR(VLOOKUP($J318,Catálogos!$M$4:$N$17,2,FALSE()),"") -> Mantención Preventiva Realizada
... A331: 2-007497 | B331: =IFERROR(VLOOKUP($A331,Equipos!$C$2:$M$967,2,FALSE()),"") -> Ventilador Mecánico | C331: =IFERROR(VLOOKUP($A331,Equipos!$C$2:$M$967,9,FALSE()),"") -> ASFM-0081 | D331: =IFERROR(VLOOKUP($A331,Equipos!$C$2:$M$967,3,FALSE()),"") -> UPC Adulto | E331: =IFERROR(VLOOKUP($A331,Equipos!$C$2:$M$967,7,FALSE()),"") -> Drager | F331: =IFERROR(VLOOKUP($A331,Equipos!$C$2:$M$967,8,FALSE()),"") -> Oxylog 3000 | G331: Enero | J331: No | K331: =IFERROR(VLOOKUP($J331,Catálogos!$M$4:$N$17,2,FALSE()),"") -> No Realizada
A332: 2-013598 | B332: =IFERROR(VLOOKUP($A332,Equipos!$C$2:$M$967,2,FALSE()),"") -> Ventilador Mecánico | C332: =IFERROR(VLOOKUP($A332,Equipos!$C$2:$M$967,9,FALSE()),"") -> ASFM-0082 | D332: =IFERROR(VLOOKUP($A332,Equipos!$C$2:$M$967,3,FALSE()),"") -> UPC Adulto | E332: =IFERROR(VLOOKUP($A332,Equipos!$C$2:$M$967,7,FALSE()),"") -> Drager | F332: =IFERROR(VLOOKUP($A332,Equipos!$C$2:$M$967,8,FALSE()),"") -> Oxylog 3000 | G332: Abril | H332: Externo | J332: C6 | K332: =IFERROR(VLOOKUP($J332,Catálogos!$M$4:$N$17,2,FALSE()),"") -> Reprogramada · No disponibilidad de horas hombre del servicio técnico externo | L332: 46142 | M332: Operativo | N332: Ricardo Matus Aroca
A333: 2-013598 | B333: =IFERROR(VLOOKUP($A333,Equipos!$C$2:$M$967,2,FALSE()),"") -> Ventilador Mecánico | C333: =IFERROR(VLOOKUP($A333,Equipos!$C$2:$M$967,9,FALSE()),"") -> ASFM-0082 | D333: =IFERROR(VLOOKUP($A333,Equipos!$C$2:$M$967,3,FALSE()),"") -> UPC Adulto | E333: =IFERROR(VLOOKUP($A333,Equipos!$C$2:$M$967,7,FALSE()),"") -> Drager | F333: =IFERROR(VLOOKUP($A333,Equipos!$C$2:$M$967,8,FALSE()),"") -> Oxylog 3000 | G333: Mayo | H333: Interno | J333: Sí | K333: =IFERROR(VLOOKUP($J333,Catálogos!$M$4:$N$17,2,FALSE()),"") -> Mantención Preventiva Realizada | L333: 46160 | M333: Operativo | N333: Ricardo Matus Aroca
A334: 2-112326 | B334: =IFERROR(VLOOKUP($A334,Equipos!$C$2:$M$967,2,FALSE()),"") -> Ventilador Mecánico | C334: =IFERROR(VLOOKUP($A334,Equipos!$C$2:$M$967,9,FALSE()),"") -> ASFN-0010 | D334: =IFERROR(VLOOKUP($A334,Equipos!$C$2:$M$967,3,FALSE()),"") -> UPC Adulto | E334: =IFERROR(VLOOKUP($A334,Equipos!$C$2:$M$967,7,FALSE()),"") -> Drager | F334: =IFERROR(VLOOKUP($A334,Equipos!$C$2:$M$967,8,FALSE()),"") -> Carina | G334: Enero | J334: No | K334: =IFERROR(VLOOKUP($J334,Catálogos!$M$4:$N$17,2,FALSE()),"") -> No Realizada
A335: 2-013590 | B335: =IFERROR(VLOOKUP($A335,Equipos!$C$2:$M$967,2,FALSE()),"") -> Ventilador Mecánico | C335: =IFERROR(VLOOKUP($A335,Equipos!$C$2:$M$967,9,FALSE()),"") -> ASFN-0008 | D335: =IFERROR(VLOOKUP($A335,Equipos!$C$2:$M$967,3,FALSE()),"") -> UPC Adulto | E335: =IFERROR(VLOOKUP($A335,Equipos!$C$2:$M$967,7,FALSE()),"") -> Drager | F335: =IFERROR(VLOOKUP($A335,Equipos!$C$2:$M$967,8,FALSE()),"") -> Carina | G335: Enero | J335: No | K335: =IFERROR(VLOOKUP($J335,Catálogos!$M$4:$N$17,2,FALSE()),"") -> No Realizada
A336: 2-013590 | B336: =IFERROR(VLOOKUP($A336,Equipos!$C$2:$M$967,2,FALSE()),"") -> Ventilador Mecánico | C336: =IFERROR(VLOOKUP($A336,Equipos!$C$2:$M$967,9,FALSE()),"") -> ASFN-0008 | D336: =IFERROR(VLOOKUP($A336,Equipos!$C$2:$M$967,3,FALSE()),"") -> UPC Adulto | E336: =IFERROR(VLOOKUP($A336,Equipos!$C$2:$M$967,7,FALSE()),"") -> Drager | F336: =IFERROR(VLOOKUP($A336,Equipos!$C$2:$M$967,8,FALSE()),"") -> Carina | G336: Abril | H336: Interno | J336: C3 | K336: =IFERROR(VLOOKUP($J336,Catálogos!$M$4:$N$17,2,FALSE()),"") -> Reprogramada · Equipo no operativo, a la espera de repuestos o accesorios | L336: 46142 | M336: Operativo | N336: Ricardo Matus Aroca
A337: 2-013590 | B337: =IFERROR(VLOOKUP($A337,Equipos!$C$2:$M$967,2,FALSE()),"") -> Ventilador Mecánico | C337: =IFERROR(VLOOKUP($A337,Equipos!$C$2:$M$967,9,FALSE()),"") -> ASFN-0008 | D337: =IFERROR(VLOOKUP($A337,Equipos!$C$2:$M$967,3,FALSE()),"") -> UPC Adulto | E337: =IFERROR(VLOOKUP($A337,Equipos!$C$2:$M$967,7,FALSE()),"") -> Drager | F337: =IFERROR(VLOOKUP($A337,Equipos!$C$2:$M$967,8,FALSE()),"") -> Carina | G337: Mayo | J337: Sí | K337: =IFERROR(VLOOKUP($J337,Catálogos!$M$4:$N$17,2,FALSE()),"") -> Mantención Preventiva Realizada
A338: 2-013589 | B338: =IFERROR(VLOOKUP($A338,Equipos!$C$2:$M$967,2,FALSE()),"") -> Ventilador Mecánico | C338: =IFERROR(VLOOKUP($A338,Equipos!$C$2:$M$967,9,FALSE()),"") -> ASFN-0007 | D338: =IFERROR(VLOOKUP($A338,Equipos!$C$2:$M$967,3,FALSE()),"") -> UPC Adulto | E338: =IFERROR(VLOOKUP($A338,Equipos!$C$2:$M$967,7,FALSE()),"") -> Drager | F338: =IFERROR(VLOOKUP($A338,Equipos!$C$2:$M$967,8,FALSE()),"") -> Carina | G338: Enero | J338: No | K338: =IFERROR(VLOOKUP($J338,Catálogos!$M$4:$N$17,2,FALSE()),"") -> No Realizada
A339: 2-013592 | B339: =IFERROR(VLOOKUP($A339,Equipos!$C$2:$M$967,2,FALSE()),"") -> Ventilador Mecánico | C339: =IFERROR(VLOOKUP($A339,Equipos!$C$2:$M$967,9,FALSE()),"") -> ASFN-0006 | D339: =IFERROR(VLOOKUP($A339,Equipos!$C$2:$M$967,3,FALSE()),"") -> UPC Adulto | E339: =IFERROR(VLOOKUP($A339,Equipos!$C$2:$M$967,7,FALSE()),"") -> Drager | F339: =IFERROR(VLOOKUP($A339,Equipos!$C$2:$M$967,8,FALSE()),"") -> Carina | G339: Enero | J339: Si-RA | K339: =IFERROR(VLOOKUP($J339,Catálogos!$M$4:$N$17,2,FALSE()),"") -> Mantención de Año Anterior Realizada
A340: 2-013592 | B340: =IFERROR(VLOOKUP($A340,Equipos!$C$2:$M$967,2,FALSE()),"") -> Ventilador Mecánico | C340: =IFERROR(VLOOKUP($A340,Equipos!$C$2:$M$967,9,FALSE()),"") -> ASFN-0006 | D340: =IFERROR(VLOOKUP($A340,Equipos!$C$2:$M$967,3,FALSE()),"") -> UPC Adulto | E340: =IFERROR(VLOOKUP($A340,Equipos!$C$2:$M$967,7,FALSE()),"") -> Drager | F340: =IFERROR(VLOOKUP($A340,Equipos!$C$2:$M$967,8,FALSE()),"") -> Carina | G340: Abril | H340: Externo | J340: C6 | K340: =IFERROR(VLOOKUP($J340,Catálogos!$M$4:$N$17,2,FALSE()),"") -> Reprogramada · No disponibilidad de horas hombre del servicio técnico externo | L340: 46142 | M340: Operativo | N340: Ricardo Matus Aroca
A341: 2-013592 | B341: =IFERROR(VLOOKUP($A341,Equipos!$C$2:$M$967,2,FALSE()),"") -> Ventilador Mecánico | C341: =IFERROR(VLOOKUP($A341,Equipos!$C$2:$M$967,9,FALSE()),"") -> ASFN-0006 | D341: =IFERROR(VLOOKUP($A341,Equipos!$C$2:$M$967,3,FALSE()),"") -> UPC Adulto | E341: =IFERROR(VLOOKUP($A341,Equipos!$C$2:$M$967,7,FALSE()),"") -> Drager | F341: =IFERROR(VLOOKUP($A341,Equipos!$C$2:$M$967,8,FALSE()),"") -> Carina | G341: Mayo | H341: Externo | J341: Sí | K341: =IFERROR(VLOOKUP($J341,Catálogos!$M$4:$N$17,2,FALSE()),"") -> Mantención Preventiva Realizada | L341: 46170 | M341: Operativo | N341: Ricardo Matus Aroca
A342: 2-112327 | B342: =IFERROR(VLOOKUP($A342,Equipos!$C$2:$M$967,2,FALSE()),"") -> Ventilador Mecánico | C342: =IFERROR(VLOOKUP($A342,Equipos!$C$2:$M$967,9,FALSE()),"") -> ASFN-0009 | D342: =IFERROR(VLOOKUP($A342,Equipos!$C$2:$M$967,3,FALSE()),"") -> UPC Adulto | E342: =IFERROR(VLOOKUP($A342,Equipos!$C$2:$M$967,7,FALSE()),"") -> Drager | F342: =IFERROR(VLOOKUP($A342,Equipos!$C$2:$M$967,8,FALSE()),"") -> Carina | G342: Mayo | J342: Sí | K342: =IFERROR(VLOOKUP($J342,Catálogos!$M$4:$N$17,2,FALSE()),"") -> Mantención Preventiva Realizada
A343: 2-110574 | B343: =IFERROR(VLOOKUP($A343,Equipos!$C$2:$M$967,2,FALSE()),"") -> Ventilador Mecánico | C343: =IFERROR(VLOOKUP($A343,Equipos!$C$2:$M$967,9,FALSE()),"") -> ASHK-0158 | D343: =IFERROR(VLOOKUP($A343,Equipos!$C$2:$M$967,3,FALSE()),"") -> UPC Adulto | E343: =IFERROR(VLOOKUP($A343,Equipos!$C$2:$M$967,7,FALSE()),"") -> Drager | F343: =IFERROR(VLOOKUP($A343,Equipos!$C$2:$M$967,8,FALSE()),"") -> Evita V300 | G343: Abril | H343: Interno | J343: C6 | K343: =IFERROR(VLOOKUP($J343,Catálogos!$M$4:$N$17,2,FALSE()),"") -> Reprogramada · No disponibilidad de horas hombre del servicio técnico externo | L343: 46142 | M343: Operativo | N343: Ricardo Matus Aroca
A344: 2-110574 | B344: =IFERROR(VLOOKUP($A344,Equipos!$C$2:$M$967,2,FALSE()),"") -> Ventilador Mecánico | C344: =IFERROR(VLOOKUP($A344,Equipos!$C$2:$M$967,9,FALSE()),"") -> ASHK-0158 | D344: =IFERROR(VLOOKUP($A344,Equipos!$C$2:$M$967,3,FALSE()),"") -> UPC Adulto | E344: =IFERROR(VLOOKUP($A344,Equipos!$C$2:$M$967,7,FALSE()),"") -> Drager | F344: =IFERROR(VLOOKUP($A344,Equipos!$C$2:$M$967,8,FALSE()),"") -> Evita V300 | G344: Mayo | H344: Interno | J344: Sí | K344: =IFERROR(VLOOKUP($J344,Catálogos!$M$4:$N$17,2,FALSE()),"") -> Mantención Preventiva Realizada | L344: 46148 | M344: Operativo | N344: Ricardo Matus Aroca
A345: 2-110572 | B345: =IFERROR(VLOOKUP($A345,Equipos!$C$2:$M$967,2,FALSE()),"") -> Ventilador Mecánico | C345: =IFERROR(VLOOKUP($A345,Equipos!$C$2:$M$967,9,FALSE()),"") -> ASHK-0163 | D345: =IFERROR(VLOOKUP($A345,Equipos!$C$2:$M$967,3,FALSE()),"") -> UPC Adulto | E345: =IFERROR(VLOOKUP($A345,Equipos!$C$2:$M$967,7,FALSE()),"") -> Drager | F345: =IFERROR(VLOOKUP($A345,Equipos!$C$2:$M$967,8,FALSE()),"") -> Evita V300 | G345: Abril | H345: Interno | J345: C6 | K345: =IFERROR(VLOOKUP($J345,Catálogos!$M$4:$N$17,2,FALSE()),"") -> Reprogramada · No disponibilidad de horas hombre del servicio técnico externo | L345: 46142 | M345: Operativo | N345: Ricardo Matus Aroca
A346: 2-110572 | B346: =IFERROR(VLOOKUP($A346,Equipos!$C$2:$M$967,2,FALSE()),"") -> Ventilador Mecánico | C346: =IFERROR(VLOOKUP($A346,Equipos!$C$2:$M$967,9,FALSE()),"") -> ASHK-0163 | D346: =IFERROR(VLOOKUP($A346,Equipos!$C$2:$M$967,3,FALSE()),"") -> UPC Adulto | E346: =IFERROR(VLOOKUP($A346,Equipos!$C$2:$M$967,7,FALSE()),"") -> Drager | F346: =IFERROR(VLOOKUP($A346,Equipos!$C$2:$M$967,8,FALSE()),"") -> Evita V300 | G346: Mayo | H346: Interno | J346: Sí | K346: =IFERROR(VLOOKUP($J346,Catálogos!$M$4:$N$17,2,FALSE()),"") -> Mantención Preventiva Realizada | L346: 46155 | M346: Operativo | N346: Ricardo Matus Aroca
A347: 2-110575 | B347: =IFERROR(VLOOKUP($A347,Equipos!$C$2:$M$967,2,FALSE()),"") -> Ventilador Mecánico | C347: =IFERROR(VLOOKUP($A347,Equipos!$C$2:$M$967,9,FALSE()),"") -> ASHK-0162 | D347: =IFERROR(VLOOKUP($A347,Equipos!$C$2:$M$967,3,FALSE()),"") -> UPC Adulto | E347: =IFERROR(VLOOKUP($A347,Equipos!$C$2:$M$967,7,FALSE()),"") -> Drager | F347: =IFERROR(VLOOKUP($A347,Equipos!$C$2:$M$967,8,FALSE()),"") -> Evita V300 | G347: Abril | H347: Interno | J347: C6 | K347: =IFERROR(VLOOKUP($J347,Catálogos!$M$4:$N$17,2,FALSE()),"") -> Reprogramada · No disponibilidad de horas hombre del servicio técnico externo | L347: 46142 | M347: Operativo | N347: Ricardo Matus Aroca
A348: 2-110575 | B348: =IFERROR(VLOOKUP($A348,Equipos!$C$2:$M$967,2,FALSE()),"") -> Ventilador Mecánico | C348: =IFERROR(VLOOKUP($A348,Equipos!$C$2:$M$967,9,FALSE()),"") -> ASHK-0162 | D348: =IFERROR(VLOOKUP($A348,Equipos!$C$2:$M$967,3,FALSE()),"") -> UPC Adulto | E348: =IFERROR(VLOOKUP($A348,Equipos!$C$2:$M$967,7,FALSE()),"") -> Drager | F348: =IFERROR(VLOOKUP($A348,Equipos!$C$2:$M$967,8,FALSE()),"") -> Evita V300 | G348: Mayo | H348: Interno | J348: Sí | K348: =IFERROR(VLOOKUP($J348,Catálogos!$M$4:$N$17,2,FALSE()),"") -> Mantención Preventiva Realizada | L348: 46155 | M348: Operativo | N348: Ricardo Matus Aroca
A349: 2-110571 | B349: =IFERROR(VLOOKUP($A349,Equipos!$C$2:$M$967,2,FALSE()),"") -> Ventilador Mecánico | C349: =IFERROR(VLOOKUP($A349,Equipos!$C$2:$M$967,9,FALSE()),"") -> ASHK-0151 | D349: =IFERROR(VLOOKUP($A349,Equipos!$C$2:$M$967,3,FALSE()),"") -> UPC Adulto | E349: =IFERROR(VLOOKUP($A349,Equipos!$C$2:$M$967,7,FALSE()),"") -> Drager | F349: =IFERROR(VLOOKUP($A349,Equipos!$C$2:$M$967,8,FALSE()),"") -> Evita V300 | G349: Enero | J349: No | K349: =IFERROR(VLOOKUP($J349,Catálogos!$M$4:$N$17,2,FALSE()),"") -> No Realizada
A350: 2-110571 | B350: =IFERROR(VLOOKUP($A350,Equipos!$C$2:$M$967,2,FALSE()),"") -> Ventilador Mecánico | C350: =IFERROR(VLOOKUP($A350,Equipos!$C$2:$M$967,9,FALSE()),"") -> ASHK-0151 | D350: =IFERROR(VLOOKUP($A350,Equipos!$C$2:$M$967,3,FALSE()),"") -> UPC Adulto | E350: =IFERROR(VLOOKUP($A350,Equipos!$C$2:$M$967,7,FALSE()),"") -> Drager | F350: =IFERROR(VLOOKUP($A350,Equipos!$C$2:$M$967,8,FALSE()),"") -> Evita V300 | G350: Abril | H350: Externo | J350: C2 | K350: =IFERROR(VLOOKUP($J350,Catálogos!$M$4:$N$17,2,FALSE()),"") -> Reprogramada · Equipo en servicio técnico | L350: 46142 | M350: Operativo | N350: Ricardo Matus Aroca
A351: 2-110571 | B351: =IFERROR(VLOOKUP($A351,Equipos!$C$2:$M$967,2,FALSE()),"") -> Ventilador Mecánico | C351: =IFERROR(VLOOKUP($A351,Equipos!$C$2:$M$967,9,FALSE()),"") -> ASHK-0151 | D351: =IFERROR(VLOOKUP($A351,Equipos!$C$2:$M$967,3,FALSE()),"") -> UPC Adulto | E351: =IFERROR(VLOOKUP($A351,Equipos!$C$2:$M$967,7,FALSE()),"") -> Drager | F351: =IFERROR(VLOOKUP($A351,Equipos!$C$2:$M$967,8,FALSE()),"") -> Evita V300 | G351: Mayo | H351: Externo | J351: Sí | K351: =IFERROR(VLOOKUP($J351,Catálogos!$M$4:$N$17,2,FALSE()),"") -> Mantención Preventiva Realizada | L351: 46147 | M351: Operativo | N351: Ricardo Matus Aroca
A352: 2-110568 | B352: =IFERROR(VLOOKUP($A352,Equipos!$C$2:$M$967,2,FALSE()),"") -> Ventilador Mecánico | C352: =IFERROR(VLOOKUP($A352,Equipos!$C$2:$M$967,9,FALSE()),"") -> ASHK-0155 | D352: =IFERROR(VLOOKUP($A352,Equipos!$C$2:$M$967,3,FALSE()),"") -> UPC Adulto | E352: =IFERROR(VLOOKUP($A352,Equipos!$C$2:$M$967,7,FALSE()),"") -> Drager | F352: =IFERROR(VLOOKUP($A352,Equipos!$C$2:$M$967,8,FALSE()),"") -> Evita V300 | G352: Abril | H352: Interno | J352: C6 | K352: =IFERROR(VLOOKUP($J352,Catálogos!$M$4:$N$17,2,FALSE()),"") -> Reprogramada · No disponibilidad de horas hombre del servicio técnico externo | L352: 46142 | M352: Operativo | N352: Ricardo Matus Aroca
A353: 2-110568 | B353: =IFERROR(VLOOKUP($A353,Equipos!$C$2:$M$967,2,FALSE()),"") -> Ventilador Mecánico | C353: =IFERROR(VLOOKUP($A353,Equipos!$C$2:$M$967,9,FALSE()),"") -> ASHK-0155 | D353: =IFERROR(VLOOKUP($A353,Equipos!$C$2:$M$967,3,FALSE()),"") -> UPC Adulto | E353: =IFERROR(VLOOKUP($A353,Equipos!$C$2:$M$967,7,FALSE()),"") -> Drager | F353: =IFERROR(VLOOKUP($A353,Equipos!$C$2:$M$967,8,FALSE()),"") -> Evita V300 | G353: Mayo | H353: Interno | J353: Sí | K353: =IFERROR(VLOOKUP($J353,Catálogos!$M$4:$N$17,2,FALSE()),"") -> Mantención Preventiva Realizada | L353: 46162 | M353: Operativo | N353: Ricardo Matus Aroca
A354: 2-110566 | B354: =IFERROR(VLOOKUP($A354,Equipos!$C$2:$M$967,2,FALSE()),"") -> Ventilador Mecánico | C354: =IFERROR(VLOOKUP($A354,Equipos!$C$2:$M$967,9,FALSE()),"") -> ASHK-0157 | D354: =IFERROR(VLOOKUP($A354,Equipos!$C$2:$M$967,3,FALSE()),"") -> UPC Adulto | E354: =IFERROR(VLOOKUP($A354,Equipos!$C$2:$M$967,7,FALSE()),"") -> Drager | F354: =IFERROR(VLOOKUP($A354,Equipos!$C$2:$M$967,8,FALSE()),"") -> Evita V300 | G354: Abril | H354: Interno | J354: C6 | K354: =IFERROR(VLOOKUP($J354,Catálogos!$M$4:$N$17,2,FALSE()),"") -> Reprogramada · No disponibilidad de horas hombre del servicio técnico externo | L354: 46142 | M354: Operativo | N354: Ricardo Matus Aroca
A355: 2-110566 | B355: =IFERROR(VLOOKUP($A355,Equipos!$C$2:$M$967,2,FALSE()),"") -> Ventilador Mecánico | C355: =IFERROR(VLOOKUP($A355,Equipos!$C$2:$M$967,9,FALSE()),"") -> ASHK-0157 | D355: =IFERROR(VLOOKUP($A355,Equipos!$C$2:$M$967,3,FALSE()),"") -> UPC Adulto | E355: =IFERROR(VLOOKUP($A355,Equipos!$C$2:$M$967,7,FALSE()),"") -> Drager | F355: =IFERROR(VLOOKUP($A355,Equipos!$C$2:$M$967,8,FALSE()),"") -> Evita V300 | G355: Mayo | H355: Interno | J355: Sí | K355: =IFERROR(VLOOKUP($J355,Catálogos!$M$4:$N$17,2,FALSE()),"") -> Mantención Preventiva Realizada | L355: 46156 | M355: Operativo | N355: Ricardo Matus Aroca
A356: 2-110569 | B356: =IFERROR(VLOOKUP($A356,Equipos!$C$2:$M$967,2,FALSE()),"") -> Ventilador Mecánico | C356: =IFERROR(VLOOKUP($A356,Equipos!$C$2:$M$967,9,FALSE()),"") -> ASHK-0152 | D356: =IFERROR(VLOOKUP($A356,Equipos!$C$2:$M$967,3,FALSE()),"") -> UPC Adulto | E356: =IFERROR(VLOOKUP($A356,Equipos!$C$2:$M$967,7,FALSE()),"") -> Drager | F356: =IFERROR(VLOOKUP($A356,Equipos!$C$2:$M$967,8,FALSE()),"") -> Evita V300 | G356: Abril | H356: Externo | I356: DRAGER CHILE LTDA. | J356: C6 | K356: =IFERROR(VLOOKUP($J356,Catálogos!$M$4:$N$17,2,FALSE()),"") -> Reprogramada · No disponibilidad de horas hombre del servicio técnico externo | L356: 46142 | M356: Operativo | N356: Ricardo Matus Aroca
A357: 2-110569 | B357: =IFERROR(VLOOKUP($A357,Equipos!$C$2:$M$967,2,FALSE()),"") -> Ventilador Mecánico | C357: =IFERROR(VLOOKUP($A357,Equipos!$C$2:$M$967,9,FALSE()),"") -> ASHK-0152 | D357: =IFERROR(VLOOKUP($A357,Equipos!$C$2:$M$967,3,FALSE()),"") -> UPC Adulto | E357: =IFERROR(VLOOKUP($A357,Equipos!$C$2:$M$967,7,FALSE()),"") -> Drager | F357: =IFERROR(VLOOKUP($A357,Equipos!$C$2:$M$967,8,FALSE()),"") -> Evita V300 | G357: Mayo | H357: Interno | J357: Sí | K357: =IFERROR(VLOOKUP($J357,Catálogos!$M$4:$N$17,2,FALSE()),"") -> Mantención Preventiva Realizada | L357: 46160 | M357: Operativo | N357: Ricardo Matus Aroca
A358: 2-110564 | B358: =IFERROR(VLOOKUP($A358,Equipos!$C$2:$M$967,2,FALSE()),"") -> Ventilador Mecánico | C358: =IFERROR(VLOOKUP($A358,Equipos!$C$2:$M$967,9,FALSE()),"") -> ASHK-0154 | D358: =IFERROR(VLOOKUP($A358,Equipos!$C$2:$M$967,3,FALSE()),"") -> UPC Adulto | E358: =IFERROR(VLOOKUP($A358,Equipos!$C$2:$M$967,7,FALSE()),"") -> Drager | F358: =IFERROR(VLOOKUP($A358,Equipos!$C$2:$M$967,8,FALSE()),"") -> Evita V300 | G358: Enero | J358: No | K358: =IFERROR(VLOOKUP($J358,Catálogos!$M$4:$N$17,2,FALSE()),"") -> No Realizada
A359: 2-121214 | B359: =IFERROR(VLOOKUP($A359,Equipos!$C$2:$M$967,2,FALSE()),"") -> Ventilador Mecánico | C359: =IFERROR(VLOOKUP($A359,Equipos!$C$2:$M$967,9,FALSE()),"") -> MV2000UA1D0984 | D359: =IFERROR(VLOOKUP($A359,Equipos!$C$2:$M$967,3,FALSE()),"") -> UPC Adulto | E359: =IFERROR(VLOOKUP($A359,Equipos!$C$2:$M$967,7,FALSE()),"") -> MEK ICS | F359: =IFERROR(VLOOKUP($A359,Equipos!$C$2:$M$967,8,FALSE()),"") -> MV2000 EVO5 | G359: Abril | J359: Sí | K359: =IFERROR(VLOOKUP($J359,Catálogos!$M$4:$N$17,2,FALSE()),"") -> Mantención Preventiva Realizada
A360: 2-013588 | B360: =IFERROR(VLOOKUP($A360,Equipos!$C$2:$M$967,2,FALSE()),"") -> Ventilador Mecánico | C360: =IFERROR(VLOOKUP($A360,Equipos!$C$2:$M$967,9,FALSE()),"") -> 79510 | D360: =IFERROR(VLOOKUP($A360,Equipos!$C$2:$M$967,3,FALSE()),"") -> UPC Adulto | E360: =IFERROR(VLOOKUP($A360,Equipos!$C$2:$M$967,7,FALSE()),"") -> Maquet | F360: =IFERROR(VLOOKUP($A360,Equipos!$C$2:$M$967,8,FALSE()),"") -> Servo i RM | G360: Marzo | J360: C6 | K360: =IFERROR(VLOOKUP($J360,Catálogos!$M$4:$N$17,2,FALSE()),"") -> Reprogramada · No disponibilidad de horas hombre del servicio técnico externo
A361: 2-013588 | B361: =IFERROR(VLOOKUP($A361,Equipos!$C$2:$M$967,2,FALSE()),"") -> Ventilador Mecánico | C361: =IFERROR(VLOOKUP($A361,Equipos!$C$2:$M$967,9,FALSE()),"") -> 79510 | D361: =IFERROR(VLOOKUP($A361,Equipos!$C$2:$M$967,3,FALSE()),"") -> UPC Adulto | E361: =IFERROR(VLOOKUP($A361,Equipos!$C$2:$M$967,7,FALSE()),"") -> Maquet | F361: =IFERROR(VLOOKUP($A361,Equipos!$C$2:$M$967,8,FALSE()),"") -> Servo i RM | G361: Abril | J361: Sí | K361: =IFERROR(VLOOKUP($J361,Catálogos!$M$4:$N$17,2,FALSE()),"") -> Mantención Preventiva Realizada
A362: 2-121215 | B362: =IFERROR(VLOOKUP($A362,Equipos!$C$2:$M$967,2,FALSE()),"") -> Ventilador Mecánico | C362: =IFERROR(VLOOKUP($A362,Equipos!$C$2:$M$967,9,FALSE()),"") -> MV2000UA1D0987 | D362: =IFERROR(VLOOKUP($A362,Equipos!$C$2:$M$967,3,FALSE()),"") -> UPC Adulto | E362: =IFERROR(VLOOKUP($A362,Equipos!$C$2:$M$967,7,FALSE()),"") -> MEK ICS | F362: =IFERROR(VLOOKUP($A362,Equipos!$C$2:$M$967,8,FALSE()),"") -> MV2000 EVO5 | G362: Abril | J362: Sí | K362: =IFERROR(VLOOKUP($J362,Catálogos!$M$4:$N$17,2,FALSE()),"") -> Mantención Preventiva Realizada
A363: 2-111146 | B363: =IFERROR(VLOOKUP($A363,Equipos!$C$2:$M$967,2,FALSE()),"") -> Ventilador Mecánico | C363: =IFERROR(VLOOKUP($A363,Equipos!$C$2:$M$967,9,FALSE()),"") -> N14HT720413504 | D363: =IFERROR(VLOOKUP($A363,Equipos!$C$2:$M$967,3,FALSE()),"") -> Urgencia Adulto (Prestado a UPC Cardiovascular) | E363: =IFERROR(VLOOKUP($A363,Equipos!$C$2:$M$967,7,FALSE()),"") -> Newport | F363: =IFERROR(VLOOKUP($A363,Equipos!$C$2:$M$967,8,FALSE()),"") -> HT70 PLUS | G363: Marzo | J363: C6 | K363: =IFERROR(VLOOKUP($J363,Catálogos!$M$4:$N$17,2,FALSE()),"") -> Reprogramada · No disponibilidad de horas hombre del servicio técnico externo
A364: 2-111146 | B364: =IFERROR(VLOOKUP($A364,Equipos!$C$2:$M$967,2,FALSE()),"") -> Ventilador Mecánico | C364: =IFERROR(VLOOKUP($A364,Equipos!$C$2:$M$967,9,FALSE()),"") -> N14HT720413504 | D364: =IFERROR(VLOOKUP($A364,Equipos!$C$2:$M$967,3,FALSE()),"") -> Urgencia Adulto (Prestado a UPC Cardiovascular) | E364: =IFERROR(VLOOKUP($A364,Equipos!$C$2:$M$967,7,FALSE()),"") -> Newport | F364: =IFERROR(VLOOKUP($A364,Equipos!$C$2:$M$967,8,FALSE()),"") -> HT70 PLUS | G364: Abril | J364: Sí | K364: =IFERROR(VLOOKUP($J364,Catálogos!$M$4:$N$17,2,FALSE()),"") -> Mantención Preventiva Realizada
A365: 2-116291 | B365: =IFERROR(VLOOKUP($A365,Equipos!$C$2:$M$967,2,FALSE()),"") -> Ventilador Mecánico | C365: =IFERROR(VLOOKUP($A365,Equipos!$C$2:$M$967,9,FALSE()),"") -> ASKK-0199 | D365: =IFERROR(VLOOKUP($A365,Equipos!$C$2:$M$967,3,FALSE()),"") -> Neonatología | E365: =IFERROR(VLOOKUP($A365,Equipos!$C$2:$M$967,7,FALSE()),"") -> Drager | F365: =IFERROR(VLOOKUP($A365,Equipos!$C$2:$M$967,8,FALSE()),"") -> VN500 | G365: Mayo | H365: Interno | J365: Sí | K365: =IFERROR(VLOOKUP($J365,Catálogos!$M$4:$N$17,2,FALSE()),"") -> Mantención Preventiva Realizada | L365: 46157 | M365: Operativo | N365: Ricardo Matus Aroca
A366: 2-116292 | B366: =IFERROR(VLOOKUP($A366,Equipos!$C$2:$M$967,2,FALSE()),"") -> Ventilador Mecánico | C366: =IFERROR(VLOOKUP($A366,Equipos!$C$2:$M$967,9,FALSE()),"") -> ASKK-0200 | D366: =IFERROR(VLOOKUP($A366,Equipos!$C$2:$M$967,3,FALSE()),"") -> Neonatología | E366: =IFERROR(VLOOKUP($A366,Equipos!$C$2:$M$967,7,FALSE()),"") -> Drager | F366: =IFERROR(VLOOKUP($A366,Equipos!$C$2:$M$967,8,FALSE()),"") -> VN500 | G366: Mayo | J366: Sí | K366: =IFERROR(VLOOKUP($J366,Catálogos!$M$4:$N$17,2,FALSE()),"") -> Mantención Preventiva Realizada
A367: 2-116293 | B367: =IFERROR(VLOOKUP($A367,Equipos!$C$2:$M$967,2,FALSE()),"") -> Ventilador Mecánico | C367: =IFERROR(VLOOKUP($A367,Equipos!$C$2:$M$967,9,FALSE()),"") -> ASKL-0003 | D367: =IFERROR(VLOOKUP($A367,Equipos!$C$2:$M$967,3,FALSE()),"") -> Neonatología | E367: =IFERROR(VLOOKUP($A367,Equipos!$C$2:$M$967,7,FALSE()),"") -> Drager | F367: =IFERROR(VLOOKUP($A367,Equipos!$C$2:$M$967,8,FALSE()),"") -> VN500 | G367: Mayo | H367: Interno | J367: Sí | K367: =IFERROR(VLOOKUP($J367,Catálogos!$M$4:$N$17,2,FALSE()),"") -> Mantención Preventiva Realizada | L367: 46162 | M367: Operativo | N367: Ricardo Matus Aroca
A368: 2-116294 | B368: =IFERROR(VLOOKUP($A368,Equipos!$C$2:$M$967,2,FALSE()),"") -> Ventilador Mecánico | C368: =IFERROR(VLOOKUP($A368,Equipos!$C$2:$M$967,9,FALSE()),"") -> ASKL-0004 | D368: =IFERROR(VLOOKUP($A368,Equipos!$C$2:$M$967,3,FALSE()),"") -> Neonatología | E368: =IFERROR(VLOOKUP($A368,Equipos!$C$2:$M$967,7,FALSE()),"") -> Drager | F368: =IFERROR(VLOOKUP($A368,Equipos!$C$2:$M$967,8,FALSE()),"") -> VN500 | G368: Mayo | J368: Sí | K368: =IFERROR(VLOOKUP($J368,Catálogos!$M$4:$N$17,2,FALSE()),"") -> Mantención Preventiva Realizada
A369: 2-116295 | B369: =IFERROR(VLOOKUP($A369,Equipos!$C$2:$M$967,2,FALSE()),"") -> Ventilador Mecánico | C369: =IFERROR(VLOOKUP($A369,Equipos!$C$2:$M$967,9,FALSE()),"") -> ASKL-0008 | D369: =IFERROR(VLOOKUP($A369,Equipos!$C$2:$M$967,3,FALSE()),"") -> Neonatología | E369: =IFERROR(VLOOKUP($A369,Equipos!$C$2:$M$967,7,FALSE()),"") -> Drager | F369: =IFERROR(VLOOKUP($A369,Equipos!$C$2:$M$967,8,FALSE()),"") -> VN500 | G369: Mayo | H369: Interno | J369: Sí | K369: =IFERROR(VLOOKUP($J369,Catálogos!$M$4:$N$17,2,FALSE()),"") -> Mantención Preventiva Realizada | L369: 46162 | M369: Operativo | N369: Ricardo Matus Aroca
A370: 2-116296 | B370: =IFERROR(VLOOKUP($A370,Equipos!$C$2:$M$967,2,FALSE()),"") -> Ventilador Mecánico | C370: =IFERROR(VLOOKUP($A370,Equipos!$C$2:$M$967,9,FALSE()),"") -> ASKL-0009 | D370: =IFERROR(VLOOKUP($A370,Equipos!$C$2:$M$967,3,FALSE()),"") -> Neonatología | E370: =IFERROR(VLOOKUP($A370,Equipos!$C$2:$M$967,7,FALSE()),"") -> Drager | F370: =IFERROR(VLOOKUP($A370,Equipos!$C$2:$M$967,8,FALSE()),"") -> VN500 | G370: Mayo | H370: Externo | J370: Sí | K370: =IFERROR(VLOOKUP($J370,Catálogos!$M$4:$N$17,2,FALSE()),"") -> Mantención Preventiva Realizada | L370: 46162 | M370: Operativo | N370: Ricardo Matus Aroca
A371: 2-116297 | B371: =IFERROR(VLOOKUP($A371,Equipos!$C$2:$M$967,2,FALSE()),"") -> Ventilador Mecánico | C371: =IFERROR(VLOOKUP($A371,Equipos!$C$2:$M$967,9,FALSE()),"") -> ASKK-0201 | D371: =IFERROR(VLOOKUP($A371,Equipos!$C$2:$M$967,3,FALSE()),"") -> Neonatología | E371: =IFERROR(VLOOKUP($A371,Equipos!$C$2:$M$967,7,FALSE()),"") -> Drager | F371: =IFERROR(VLOOKUP($A371,Equipos!$C$2:$M$967,8,FALSE()),"") -> VN500 | G371: Mayo | H371: Interno | J371: Sí | K371: =IFERROR(VLOOKUP($J371,Catálogos!$M$4:$N$17,2,FALSE()),"") -> Mantención Preventiva Realizada | L371: 46162 | M371: Operativo | N371: Ricardo Matus Aroca
A372: 2-116298 | B372: =IFERROR(VLOOKUP($A372,Equipos!$C$2:$M$967,2,FALSE()),"") -> Ventilador Mecánico | C372: =IFERROR(VLOOKUP($A372,Equipos!$C$2:$M$967,9,FALSE()),"") -> ASKL-0005 | D372: =IFERROR(VLOOKUP($A372,Equipos!$C$2:$M$967,3,FALSE()),"") -> Neonatología | E372: =IFERROR(VLOOKUP($A372,Equipos!$C$2:$M$967,7,FALSE()),"") -> Drager | F372: =IFERROR(VLOOKUP($A372,Equipos!$C$2:$M$967,8,FALSE()),"") -> VN500 | G372: Mayo | J372: Sí | K372: =IFERROR(VLOOKUP($J372,Catálogos!$M$4:$N$17,2,FALSE()),"") -> Mantención Preventiva Realizada
A373: 2-116300 | B373: =IFERROR(VLOOKUP($A373,Equipos!$C$2:$M$967,2,FALSE()),"") -> Ventilador Mecánico | C373: =IFERROR(VLOOKUP($A373,Equipos!$C$2:$M$967,9,FALSE()),"") -> ASKL-0007 | D373: =IFERROR(VLOOKUP($A373,Equipos!$C$2:$M$967,3,FALSE()),"") -> Neonatología | E373: =IFERROR(VLOOKUP($A373,Equipos!$C$2:$M$967,7,FALSE()),"") -> Drager | F373: =IFERROR(VLOOKUP($A373,Equipos!$C$2:$M$967,8,FALSE()),"") -> VN500 | G373: Mayo | J373: Sí | K373: =IFERROR(VLOOKUP($J373,Catálogos!$M$4:$N$17,2,FALSE()),"") -> Mantención Preventiva Realizada
A374: 2-116301 | B374: =IFERROR(VLOOKUP($A374,Equipos!$C$2:$M$967,2,FALSE()),"") -> Ventilador Mecánico | C374: =IFERROR(VLOOKUP($A374,Equipos!$C$2:$M$967,9,FALSE()),"") -> ASJA-0138 | D374: =IFERROR(VLOOKUP($A374,Equipos!$C$2:$M$967,3,FALSE()),"") -> Neonatología | E374: =IFERROR(VLOOKUP($A374,Equipos!$C$2:$M$967,7,FALSE()),"") -> Drager | F374: =IFERROR(VLOOKUP($A374,Equipos!$C$2:$M$967,8,FALSE()),"") -> VN500 | G374: Mayo | H374: Interno | J374: Sí | K374: =IFERROR(VLOOKUP($J374,Catálogos!$M$4:$N$17,2,FALSE()),"") -> Mantención Preventiva Realizada | L374: 46162 | M374: Operativo | N374: Ricardo Matus Aroca
A375: 2-117264 | B375: =IFERROR(VLOOKUP($A375,Equipos!$C$2:$M$967,2,FALSE()),"") -> Ventilador Mecánico | C375: =IFERROR(VLOOKUP($A375,Equipos!$C$2:$M$967,9,FALSE()),"") -> N17HT720120041 | D375: =IFERROR(VLOOKUP($A375,Equipos!$C$2:$M$967,3,FALSE()),"") -> SAMU | E375: =IFERROR(VLOOKUP($A375,Equipos!$C$2:$M$967,7,FALSE()),"") -> Newport | F375: =IFERROR(VLOOKUP($A375,Equipos!$C$2:$M$967,8,FALSE()),"") -> HT70 PLUS | G375: Marzo | J375: C6 | K375: =IFERROR(VLOOKUP($J375,Catálogos!$M$4:$N$17,2,FALSE()),"") -> Reprogramada · No disponibilidad de horas hombre del servicio técnico externo
A376: 2-117264 | B376: =IFERROR(VLOOKUP($A376,Equipos!$C$2:$M$967,2,FALSE()),"") -> Ventilador Mecánico | C376: =IFERROR(VLOOKUP($A376,Equipos!$C$2:$M$967,9,FALSE()),"") -> N17HT720120041 | D376: =IFERROR(VLOOKUP($A376,Equipos!$C$2:$M$967,3,FALSE()),"") -> SAMU | E376: =IFERROR(VLOOKUP($A376,Equipos!$C$2:$M$967,7,FALSE()),"") -> Newport | F376: =IFERROR(VLOOKUP($A376,Equipos!$C$2:$M$967,8,FALSE()),"") -> HT70 PLUS | G376: Abril | J376: Sí | K376: =IFERROR(VLOOKUP($J376,Catálogos!$M$4:$N$17,2,FALSE()),"") -> Mantención Preventiva Realizada
A377: 2-121216 | B377: =IFERROR(VLOOKUP($A377,Equipos!$C$2:$M$967,2,FALSE()),"") -> Ventilador Mecánico | C377: =IFERROR(VLOOKUP($A377,Equipos!$C$2:$M$967,9,FALSE()),"") -> MV2000UA1D0775 | D377: =IFERROR(VLOOKUP($A377,Equipos!$C$2:$M$967,3,FALSE()),"") -> UPC Adulto | E377: =IFERROR(VLOOKUP($A377,Equipos!$C$2:$M$967,7,FALSE()),"") -> MEK ICS | F377: =IFERROR(VLOOKUP($A377,Equipos!$C$2:$M$967,8,FALSE()),"") -> MV2000 EVO5 | G377: Abril | J377: Sí | K377: =IFERROR(VLOOKUP($J377,Catálogos!$M$4:$N$17,2,FALSE()),"") -> Mantención Preventiva Realizada
A378: 2-119888 | B378: =IFERROR(VLOOKUP($A378,Equipos!$C$2:$M$967,2,FALSE()),"") -> Ventilador Mecánico | C378: =IFERROR(VLOOKUP($A378,Equipos!$C$2:$M$967,9,FALSE()),"") -> 40966N0158 | D378: =IFERROR(VLOOKUP($A378,Equipos!$C$2:$M$967,3,FALSE()),"") -> UPC 3er Piso | E378: =IFERROR(VLOOKUP($A378,Equipos!$C$2:$M$967,7,FALSE()),"") -> Puritan Bennett | F378: =IFERROR(VLOOKUP($A378,Equipos!$C$2:$M$967,8,FALSE()),"") -> 560 | G378: Marzo | J378: C2 | K378: =IFERROR(VLOOKUP($J378,Catálogos!$M$4:$N$17,2,FALSE()),"") -> Reprogramada · Equipo en servicio técnico
...

Sheet Catálogos
A1: Catálogos (alimentan las listas desplegables)
A3: Ingenieros | B3: Estado equipo | C3: Tipo de compra | D3: Resultado visita | E3: Estado evento | F3: Decisión reevaluación | H3: Cód. MP | I3: Significado | K3: Periodicidad | M3: Resultado MP | N3: Descripción resultado | P3: Ejecución MP | R3: Causal (C1–C8) | S3: Descripción causal
A4: Carlos Bahamondes Seguel | B4: Operativo | C4: Trato Directo | D4: Reparó | E4: Abierto | F4: Repuestos | H4: X | I4: Programada (pendiente) | K4: Anual | M4: Sí | N4: Mantención Preventiva Realizada | P4: Interno | R4: C1 | S4: Imposibilidad de desocupar el equipo del paciente por indicación clínica
A5: Cristián Beltrán Oviedo | B5: No Operativo | C5: Compra Ágil | D5: No reparó (necesita repuestos) | E5: Cerrado | F5: Nueva visita | H5: E | I5: Ejecutada | K5: Semestral | M5: C1 | N5: Reprogramada · Imposibilidad de desocupar el equipo del paciente por indicación clínica | P5: Externo | R5: C2 | S5: Equipo en servicio técnico
A6: Cristina Rozas Urrutia | B6: Servicio Técnico | F6: Reenvío | H6: C2 | I6: No ejecutada: en Servicio Técnico | K6: Cuatrimestral | M6: C2 | N6: Reprogramada · Equipo en servicio técnico | R6: C3 | S6: Equipo no operativo, a la espera de repuestos o accesorios
A7: Daniel Díaz Neira | F7: Baja | H7: C3 | I7: No ejecutada: espera repuestos | K7: Trimestral | M7: C3 | N7: Reprogramada · Equipo no operativo, a la espera de repuestos o accesorios | R7: C4 | S7: Equipo en préstamo a otro hospital o institución
A8: Ignacio Berner Bergara | H8: R | I8: Reprogramada | K8: Bimestral | M8: C4 | N8: Reprogramada · Equipo en préstamo a otro hospital o institución | R8: C5 | S8: No disponibilidad de horas hombre del funcionario SEC por alta carga laboral
A9: Macarena Toledo | H9: B | I9: Baja | K9: Mensual | M9: C5 | N9: Reprogramada · No disponibilidad de horas hombre del funcionario SEC por alta carga laboral | R9: C6 | S9: No disponibilidad de horas hombre del servicio técnico externo
A10: Marco Ulloa | M10: C6 | N10: Reprogramada · No disponibilidad de horas hombre del servicio técnico externo | R10: C7 | S10: Ausencia justificada del funcionario SEC superior a 15 días
A11: Matías Soazo Garrido | M11: C7 | N11: Reprogramada · Ausencia justificada del funcionario SEC superior a 15 días | R11: C8 | S11: Contingencia hospitalaria
A12: Ricardo Matus Aroca | M12: C8 | N12: Reprogramada · Contingencia hospitalaria
A13: Tito Millapán Riquelme | M13: Si-RA | N13: Mantención de Año Anterior Realizada
A14: Personal Externo | M14: FS | N14: Fuera de Servicio
M15: No | N15: No Realizada
A16: Empresas / proveedores | C16: Servicios clínicos | M16: NU | N16: No Ubicable
A17: DRAGER CHILE LIMITADA | C17: CDT | M17: Baja | N17: Equipo Dado de Baja
A18: PENTAFARMA S.A. | C18: CR ONCOLOGICO AMBULATORIO
A19: MEDTRONICS | C19: Cardiología
A20: HEMISUR | C20: Cardiología (2do piso)
A21: ANDOVER ALIANZA MEDICA S.A. | C21: Cardiología (Prestado a Medicina cardiovascular)
C22: Cirugía Adulto
C23: Cirugía Infantil
C24: Electrofisiología
C25: Endoscopía
C26: Gestión de Pacientes
C27: Ginecología
C28: Hemato Oncología Adulto
C29: Hemodiálisis
C30: Hemodiálisis (Prestado a SAMU)
C31: Hospitalización Domiciliaria
C32: Imagenología
C33: Imagenología (Prestado a Pabellón Quirúrgico)
... C37: Medicina (Prestado a Pediatría)
A38: (Listas editables: agregar empresas y servicios según se necesiten) | C38: Medicina (Prestado a Psiquiatria)
C39: Medicina (Prestado a medicina cardiovascular)
C40: Medicina Física y Rehabilitación
C41: Medicina Materno Fetal
C42: Neonatología
C43: Neurocirugía
C44: Pabellones Gineco-Obstétricos
C45: Pabellón (Hemodinamia)
C46: Pabellón (Prestado a Hemodinamia)
C47: Pabellón (Recuperación)
C48: Pabellón (Recuperación) prestado a UPC Adulto
C49: Pabellón CMA
C50: Pabellón CMA (prestado a UPC Adulto)
... C92: Urgencias Gineco-Obstétricas

Sheet Equipos
A1: ID | B1: N° Carpeta | C1: N° Inventario | D1: Equipo | E1: Servicio | F1: Unidad | G1: Ubicación | H1: Procedencia | I1: Marca | J1: Modelo | K1: Serie | L1: Año Instalación | M1: Clasificación
A2: 1 | B2: 1 | C2: 2-115361 | D2: Incubadora | E2: Neonatología | F2: UCI Neonatología | G2: UTI 1/2 | H2: Arriendo | I2: DRAGER | J2: CALEO | K2: ASJL-0008 | L2: 2018 | M2: Fija
A3: 2 | B3: 2 | C3: 2-116070 | D3: Incubadora | E3: Neonatología | F3: UCI Neonatología | G3: SALA EQUIPOS | H3: Arriendo | I3: GENERAL ELECTRIC | J3: GIRAFFE OMNIBED CARESTATION | K3: TABX62307 | L3: 2018 | M3: Fija
A4: 3 | B4: 3 | C4: 2-116071 | D4: Incubadora | E4: Neonatología | F4: UCI Neonatología | G4: UCI 16 | H4: Arriendo | I4: GENERAL ELECTRIC | J4: GIRAFFE OMNIBED CARESTATION | K4: TABX62308 | L4: 2018 | M4: Fija
A5: 4 | B5: 4 | C5: 2-116018 | D5: Incubadora | E5: Neonatología | F5: UCI Neonatología | G5: UTI 1/4 | H5: Arriendo | I5: DRAGER | J5: CALEO | K5: ASHM-0118 | L5: 2018 | M5: Fija
A6: 5 | B6: 5 | C6: 2-116072 | D6: Incubadora | E6: Neonatología | F6: UCI Neonatología | G6: UCI 4 | H6: Arriendo | I6: GENERAL ELECTRIC | J6: GIRAFFE OMNIBED CARESTATION | K6: TABX62309 | L6: 2018 | M6: Fija
A7: 6 | B7: 6 | D7: Incubadora | E7: Neonatología | F7: UCI Neonatología | H7: Demostracion | I7: TSE | J7: Shelly 610 | K7: 02516. | L7: 2025
A8: 7 | B8: 7 | C8: 2-022133 | D8: Incubadora | E8: Neonatología | F8: UCI Neonatología | G8: Pasillo | H8: Adquirido | I8: HILL-ROM | J8: TI500 | K8: VD03887 | L8: 2002 | M8: Transporte
A9: 8 | B9: 8 | C9: 2-116019 | D9: Incubadora | E9: Neonatología | F9: UCI Neonatología | G9: UCI 2 | H9: Arriendo | I9: DRAGER | J9: CALEO | K9: ASLB-0016 | L9: 2018 | M9: Fija
A10: 9 | B10: 9 | C10: 2-116073 | D10: Incubadora | E10: Neonatología | F10: UCI Neonatología | G10: UTI 2/6 | H10: Arriendo | I10: GENERAL ELECTRIC | J10: GIRAFFE OMNIBED CARESTATION | K10: TABX62310 | L10: 2018 | M10: Fija
A11: 10 | B11: 10 | D11: Incubadora
A12: 11 | B12: 11 | C12: 2-125347 | D12: Incubadora | E12: SAMU | F12: SAMU | G12: Base 1 | H12: Arriendo | I12: ATOM | J12: INCU ARCH | K12: 621012300012 | L12: 2023 | M12: Transporte
A13: 12 | B13: 12 | D13: Incubadora
A14: 13 | B14: 13 | D14: Incubadora
A15: 14 | B15: 14 | D15: Incubadora
A16: 15 | B16: 15 | D16: Incubadora
A17: 16 | B17: 16 | C17: 2-116024 | D17: Incubadora | E17: Neonatología | F17: UCI Neonatología | G17: UTI 3/3 | H17: Arriendo | I17: DRAGER | J17: CALEO | K17: ASLB-0009 | L17: 2018 | M17: Fija
A18: 17 | B18: 17 | D18: Incubadora
A19: 18 | B19: 18 | C19: 2-112137 | D19: Incubadora | E19: Neonatología | F19: UCI Neonatología | G19: UTI 1/6 | H19: Adquirido | I19: DRAGER | J19: CALEO | K19: ASDA-0012 | L19: 2012 | M19: Fija
A20: 19 | B20: 19 | C20: 2-016566 | D20: Incubadora | E20: Neonatología | F20: UCI Neonatología | G20: UCI 6 | H20: Adquirido | I20: DRAGER | J20: CALEO | K20: ASDA-0009 | L20: 2012 | M20: Fija
A21: 20 | B21: 20 | C21: 2-112138 | D21: Incubadora | E21: Neonatología | F21: UCI Neonatología | G21: UCI 13 | H21: Adquirido | I21: DRAGER | J21: CALEO | K21: ASDA-0010 | L21: 2012 | M21: Fija
A22: 21 | B22: 21 | C22: 2-112141 | D22: Incubadora | E22: Neonatología | F22: UCI Neonatología | G22: UTI 4/2 | H22: Adquirido | I22: DRAGER | J22: CALEO | K22: ASDA-0011 | L22: 2012 | M22: Fija
A23: 22 | B23: 22 | D23: Incubadora
A24: 23 | B24: 23 | D24: Incubadora
A25: 24 | B25: 24 | C25: 2-116025 | D25: Incubadora | E25: Neonatología | F25: UCI Neonatología | G25: UCI 5 | H25: Arriendo | I25: DRAGER | J25: CALEO | K25: ASLB-0010 | L25: 2018 | M25: Fija
A26: 25 | B26: 25 | D26: Incubadora
A27: 26 | B27: 26 | D27: Incubadora
A28: 27 | B28: 27 | D28: Incubadora
A29: 28 | B29: 28 | D29: Incubadora
A30: 29 | B30: 29 | D30: Incubadora
A31: 30 | B31: 30 | D31: Incubadora
A32: 31 | B32: 31 | C32: 2-024094 | D32: Incubadora | E32: Neonatología | F32: UCI Neonatología | H32: Adquirido | I32: DRAGER | J32: TI500 | K32: KM10530 | L32: 2015 | M32: Transporte
A33: 32 | B33: 32 | C33: 2-116022 | D33: Incubadora | E33: Neonatología | F33: UCI Neonatología | G33: UCI 7 | H33: Arriendo | I33: DRAGER | J33: CALEO | K33: ASLB-0011 | L33: 2018 | M33: Fija
A34: 33 | B34: 33 | C34: 2-116017 | D34: Incubadora | E34: Neonatología | F34: UCI Neonatología | G34: SALA EQUIPOS | H34: Arriendo | I34: DRAGER | J34: CALEO | K34: ASLB-0012 | L34: 2018 | M34: Fija
A35: 34 | B35: 34 | C35: 2-116021 | D35: Incubadora | E35: Neonatología | F35: UCI Neonatología | G35: UTI 1/5 | H35: Arriendo | I35: DRAGER | J35: CALEO | K35: ASLB-0013 | L35: 2018 | M35: Fija
A36: 35 | B36: 35 | C36: 2-116023 | D36: Incubadora | E36: Neonatología | F36: UCI Neonatología | G36: UTI 1/3 | H36: Arriendo | I36: DRAGER | J36: CALEO | K36: ASLB-0014 | L36: 2018 | M36: Fija
A37: 36 | B37: 36 | C37: 2-116020 | D37: Incubadora | E37: Neonatología | F37: UCI Neonatología | G37: UTI 2/4 | H37: Arriendo | I37: DRAGER | J37: CALEO | K37: ASLB-0015 | L37: 2018 | M37: Fija
A38: 37 | B38: 37 | C38: 2-115788 | D38: Incubadora | E38: Neonatología | F38: UCI Neonatología | G38: SALA EQUIPOS | H38: Arriendo | I38: DRAGER | J38: CALEO | K38: ASJL-0039 | L38: 2018 | M38: Fija
A39: 38 | B39: 38 | C39: 2-115787 | D39: Incubadora | E39: Neonatología | F39: UCI Neonatología | G39: UTI 1/1 | H39: Arriendo | I39: DRAGER | J39: CALEO | K39: ASJL-0015 | L39: 2018 | M39: Fija
A40: 39 | B40: 39 | C40: 2-115785 | D40: Incubadora | E40: Neonatología | F40: UCI Neonatología | G40: UCI 8 | H40: Arriendo | I40: DRAGER | J40: CALEO | K40: ASJL-0007 | L40: 2018 | M40: Fija
A41: 40 | B41: 40 | C41: 2-115784 | D41: Incubadora | E41: Neonatología | F41: UCI Neonatología | G41: UCI 11 | H41: Arriendo | I41: DRAGER | J41: CALEO | K41: ASJL-0006 | L41: 2018 | M41: Fija
A42: 41 | B42: 41 | C42: 2-115786 | D42: Incubadora | E42: Neonatología | F42: UCI Neonatología | G42: UTI 2/1 | H42: Arriendo | I42: DRAGER | J42: CALEO | K42: ASJL-0013 | L42: 2018 | M42: Fija
A43: 42 | B43: 1 | C43: 2-135839 | D43: DEA | E43: TROI | H43: Adquirido | I43: Mindray | J43: BeneHeart C2 | K43: AE7-2408132 | L43: 2026
A44: 43 | B44: 2 | C44: 2-024223 | D44: Desfibrilador | E44: Pabellón (Hemodinamia) | F44: Hemodinamia | G44: Pabellón 2Piso | H44: Adquirido | I44: Zoll | J44: R SERIES ALS | K44: AF12B020910 | L44: 2012
A45: 44 | B45: 3 | C45: 2-112264 | D45: Desfibrilador | E45: UPC Adulto (Prestado a Urgencia Adulto) | F45: SUA | G45: Sala Reanimación | H45: Adquirido | I45: Zoll | J45: R SERIES ALS | K45: AF10H011856 | L45: 2012
A46: 45 | B46: 4 | C46: 2-013518 | D46: Desfibrilador | E46: Medicina (Prestado a Medicina cardiovascular) | F46: Medicina Cardiovascular | G46: Zócalo | H46: Adquirido | I46: Nihon Kohden | J46: TEC 5531E | K46: 01816 | L46: 2009
A47: 46 | B47: 5 | C47: 2-117973 | D47: DEA | E47: Gestión de Pacientes | F47: Gestión de Pacientes | G47: Gestión de Pacientes | H47: Adquirido | I47: Zoll | J47: AEDPLUS | K47: X18E028657 | L47: 2022
A48: 47 | B48: 6 | C48: 121010-024575 | D48: DEA | E48: Unidad Evaluación Paciente Imputado | F48: UEPI | G48: UEPI-103 | H48: Adquirido | I48: Nihon Kohden | J48: AED-3100 | K48: 13042 | L48: 2020
A49: 48 | B49: 7 | C49: 2-134465 | D49: DEA | E49: SAMU | F49: SAMU | G49: Ambulancia | H49: Adquirido | I49: Mindray | J49: BeneHeart C1A | K49: AF1-48110851 | L49: 2025
A50: 49 | B50: 8 | C50: 2-112265 | D50: Desfibrilador | E50: Urgencia Infantil | F50: Urgencia Infantil | G50: SUI sala IRA | H50: Adquirido | I50: Nihon Kohden | J50: TEC 5531E | K50: 00888 | L50: 2009
A51: 50 | B51: 9 | C51: 2-112266 | D51: Desfibrilador | E51: Endoscopía | F51: Endoscopía | G51: CDT-P1-SA06 | H51: Adquirido | I51: Zoll | J51: R SERIES ALS | K51: AF12B020988 | L51: 2012
A52: 51 | B52: 10 | C52: 2-112267 | D52: Desfibrilador | E52: UPC Adulto | F52: UCI Adulto | G52: UCI D | H52: Adquirido | I52: Nihon Kohden | J52: TEC 5531E | K52: 00889 | L52: 2007
A53: 52 | B53: 11 | C53: 2-023059 | D53: Desfibrilador | E53: Pediatría | F53: Pediatría Segunda Infancia | G53: Pediatréa EPA | H53: Adquirido | I53: Nihon Kohden | J53: TEC 5531E | K53: 00039 | L53: 2005
A54: 53 | B54: 12 | C54: 2-112268 | D54: Desfibrilador | E54: Pabellones Gineco-Obstétricos | F54: Pabellones Gineco-Obstétricos | G54: Pabellón Urgencia Obstétrica | H54: Adquirido | I54: Zoll | J54: M SERIES | K54: T03K52786 | L54: 2005
A55: 54 | B55: 13 | C55: 2-015926 | D55: Desfibrilador | E55: Pabellones Gineco-Obstétricos | F55: Recuperación Partos | G55: Recuperación Partos | H55: Adquirido | I55: Medtronic | J55: Lifepack 20 | K55: 40676147 | L55: 2012
... A57: 56 | B57: 15 | C57: 2-017416 | D57: Desfibrilador | E57: Pabellón Quirúrgico | F57: Pabellón Central | G57: CDT-P2-PA05 | H57: Adquirido | I57: Nihon Kohden | J57: TEC 5531E | K57: 00880 | L57: 2007
A58: 57 | B58: 16 | C58: 2-024411 | D58: Desfibrilador | E58: Cirugía Adulto | G58: EPB-P3-OF02 | H58: Adquirido | I58: Nihon Kohden | J58: TEC 5531E | K58: 00885 | L58: 2007
A59: 58 | B59: 17 | C59: 2-112269 | D59: Desfibrilador | E59: Pabellón CMA | F59: Pabellón CMA | H59: Adquirido | I59: Nihon Kohden | J59: TEC 5531E | K59: 01818 | L59: 2009
A60: 59 | B60: 18 | C60: 2-013928 | D60: Desfibrilador | E60: Pabellón CMA | F60: Recuperación CMA | H60: Adquirido | I60: Nihon Kohden | J60: TEC 5531E | K60: 00887 | L60: 2005
A61: 60 | B61: 19 | C61: 2-017028 | D61: Desfibrilador | E61: Psiquiatría | F61: Psiquiatría Adulto | G61: CDT-P1-SA32 | H61: Adquirido | I61: Nihon Kohden | J61: TEC 5531E | K61: 00876 | L61: 2007
A62: 61 | B62: 20 | C62: 2-017177 | D62: Desfibrilador | E62: Psiquiatría | F62: Psiquiatría Infantil | G62: CDT-P2-E.E02 | H62: Adquirido | I62: Nihon Kohden | J62: TEC 5521E | K62: 00795 | L62: 2007
A63: 62 | B63: 21 | C63: 2-024493 | D63: Desfibrilador | E63: Imagenología | F63: Imagenología | G63: Scanner | H63: Adquirido | I63: Nihon Kohden | J63: TEC 5521E | K63: 00790 | L63: 2007
A64: 63 | B64: 22 | C64: 2-112287 | D64: Desfibrilador | E64: Imagenología | F64: Imagenología | G64: Angiógrafo | H64: Adquirido | I64: Nihon Kohden | J64: TEC 5521E | K64: 00083 | L64: 2007
A65: 64 | B65: 23 | C65: 2-002720 | D65: Desfibrilador | E65: Traumatología | F65: Traumatología | G65: Cirugía Trauma | H65: Adquirido | I65: Nihon Kohden | J65: TEC 5531E | K65: 01811 | L65: 2009
A66: 65 | B66: 24 | C66: 2-013295 | D66: Desfibrilador | E66: Neurocirugía | F66: Neurocirugía | G66: Sala 298 | H66: Adquirido | I66: Nihon Kohden | J66: TEC 5521E | K66: 01076 | L66: 2008
A67: 66 | B67: 25 | C67: 2-003576 | D67: Desfibrilador | E67: Cirugía Adulto | F67: Cirugía Adulto - Piso 3 | G67: EPC | H67: Adquirido | I67: Nihon Kohden | J67: TEC 5531E | K67: 01815 | L67: 2009
A68: 67 | B68: 26 | C68: 2-021802 | D68: Desfibrilador | E68: UPC 3er Piso | F68: UTI 3er Piso | G68: Carro de paro | H68: Adquirido | I68: Nihon Kohden | J68: TEC 5531E | K68: 01810 | L68: 2010
A69: 68 | B69: 27 | C69: 2-004033 | D69: Desfibrilador | E69: Ginecología | F69: Ginecología | H69: Adquirido | I69: Zoll | J69: R SERIES ALS | K69: AF10H011861 | L69: 2012
A70: 69 | B70: 28 | C70: 2-027959 | D70: Desfibrilador | E70: Neonatología | F70: UCI Neonatología | H70: Adquirido | I70: Zoll | J70: R SERIES ALS | K70: AF10G011487 | L70: 2012
A71: 70 | B71: 29 | C71: 2-135456 | D71: Desfibrilador | E71: Imagenología | F71: Imagenología | G71: Angiógrafo | H71: Compra | I71: Nihon Kohden | J71: TEC-5631 | K71: 07900 | L71: 2025
A72: 71 | B72: 30 | C72: 2-022181 | D72: Desfibrilador | E72: Quimioterapia Ambulatoria Adulto | F72: QMT Ambulatoria Adulto | G72: EPC-P2 | H72: Adquirido | I72: Zoll | J72: R SERIES ALS | K72: AF12B020977 | L72: 2011
A73: 72 | B73: 31 | C73: 2-112270 | D73: Desfibrilador | E73: Pediatría | F73: Pediatría Oncológica | G73: Carro de paro | H73: Adquirido | I73: Nihon Kohden | J73: TEC 5531E | K73: 01814 | L73: 2009
A74: 73 | B74: 32 | C74: 2-135846 | D74: Desfibrilador | E74: Traumatología | H74: Adquirido | I74: Nihon Kohden | J74: TEC-5632E | K74: 08104 | L74: 2025
A75: 74 | B75: 33 | C75: 2-008958 | D75: Desfibrilador | E75: Pediatría | F75: Pediatría Lactantes | G75: Pasillo | H75: Adquirido | I75: Nihon Kohden | J75: TEC 5521E | K75: 00082 | L75: 2005
A76: 75 | B76: 34 | C76: 2-119676 | D76: Desfibrilador | E76: UPC Adulto | F76: UTI Adulto | G76: P2 | H76: Adquirido | I76: Zoll | J76: M2 | K76: (21)BA19F000019 | L76: 2020
A77: 76 | B77: 35 | C77: 2-004405 | D77: Desfibrilador | E77: Medicina | F77: Medicina interna - 5to piso | G77: 5TO PISO TN | H77: Adquirido | I77: Nihon Kohden | J77: TEC 5531E | K77: 01812 | L77: 2009
A78: 77 | B78: 36 | C78: 2-008665 | D78: Desfibrilador | E78: Medicina | F78: Medicina interna - 5to piso | G78: 5TO PISO EPA | H78: Adquirido | I78: Nihon Kohden | J78: TEC 5521E | K78: 00342 | L78: 2006
A79: 78 | B79: 37 | C79: 2-135837 | D79: Desfibrilador | E79: TROI | H79: Adquirido | I79: Mindray | J79: BeneHeart D30 | K79: FP5-49011641 | L79: 2026
A80: 79 | B80: 38 | C80: 2-021249 | D80: Desfibrilador | E80: Cirugía Infantil | F80: Cirugía Infantil | G80: Sala procedmiento cirugíaa infantil | H80: Adquirido | I80: Nihon Kohden | J80: TEC 5531E | K80: 01813 | L80: 2009
A81: 80 | B81: 39 | C81: 2-004271 | D81: Desfibrilador | E81: Medicina Materno Fetal | F81: Medicina Materno Fetal | G81: P4-TNB | H81: Adquirido | I81: Nihon Kohden | J81: TEC 5531E | K81: 00883 | L81: 2007
A82: 81 | B82: 40 | C82: 2-003814 | D82: Desfibrilador | E82: Cirugía Adulto | F82: Cirugía Adulto - Piso 3 | G82: EPA | H82: Adquirido | I82: Nihon Kohden | J82: TEC 5531E | K82: 01796 | L82: 2008
A83: 82 | B83: 41 | D83: Desfibrilador
A84: 83 | B84: 42 | C84: 2-002799 | D84: Desfibrilador | E84: Quimioterapia Ambulatoria Adulto | F84: QMT Ambulatoria Adulto | G84: EPC-P2 | H84: Adquirido | I84: Nihon Kohden | J84: TEC 5531E | K84: 01819 | L84: 2009
A85: 84 | B85: 43 | D85: Desfibrilador
A86: 85 | B86: 44 | C86: 2-022320 | D86: Desfibrilador | E86: Urgencias Gineco-Obstétricas | F86: Urgencia Obstétrica | G86: UPC-P1-SA20 | H86: Adquirido | I86: Zoll | J86: R SERIES ALS | K86: AF12B020983 | L86: 2012
A87: 86 | B87: 45 | D87: Desfibrilador
A88: 87 | B88: 46 | C88: 2-122452 | D88: Desfibrilador | E88: Pabellón Quirúrgico | F88: Pabellón Cardiovascular | H88: Adquirido | I88: Physio Control | J88: Lifepak 15 | K88: 49453842 | L88: 2022
A89: 88 | B89: 47 | C89: 2-112272 | D89: Desfibrilador | E89: UPC Cardiovascular | F89: Electrofisiología | G89: Angiografo | H89: Adquirido | I89: Medtronic | J89: Lifepack 20 | K89: 30634707 | L89: 2012
A90: 89 | B90: 48 | C90: 121010-020241 | D90: DEA | E90: SAMU | F90: SAMU | G90: Movil 1305 | H90: Préstamo SSAS | I90: Zoll | J90: AEDPLUS | K90: X21J421750 | L90: 2022
A91: 90 | B91: 49 | C91: 2-117263 | D91: Desfibrilador | E91: SAMU | F91: SAMU | G91: Movil 1301 | H91: Adquirido | I91: Nihon Kohden | J91: TEC-8352K | K91: 01640 | L91: 2018
A92: 91 | B92: 50 | C92: 2-017206 | D92: Desfibrilador | E92: SAMU | F92: SAMU | G92: Movil 1302 | H92: Adquirido | I92: Zoll | J92: R SERIES ALS | K92: AF12B020986 | L92: 2012
A93: 92 | B93: 51 | C93: 2-124605 | D93: DEA | E93: Gestión de Pacientes | F93: Gestión de Pacientes | G93: Movil SHLF-84 | H93: Adquirido | I93: Mindray | J93: BeneHeart C2 | K93: AE7-24048210 | L93: 2023
A94: 93 | B94: 52 | C94: 2-024418 | D94: Desfibrilador | E94: Pabellón Quirúrgico | F94: Pabellón Central | G94: CDT-P2-PA05 | H94: Adquirido | I94: Medtronic | J94: Lifepack 20 | K94: 40979213 | L94: 2012
A95: 94 | B95: 53 | C95: 2-134460 | D95: DEA | E95: CDT | F95: CEM | H95: Adquirido | I95: Nihon Kohden | J95: AED-3100K | K95: 40422 | L95: 2025
A96: 95 | B96: 54 | C96: 2-112273 | D96: DEA | E96: Prevención de Riesgos | F96: Prevención de Riesgos | G96: CDT 1ER Piso | H96: Adquirido | I96: DEFIBTECH | J96: LIFE LINE | K96: 122002994 | L96: 2013
A97: 96 | B97: 55 | C97: 2-112274 | D97: DEA | E97: Prevención de Riesgos | F97: Prevención de Riesgos | G97: Hall 1º Piso EP | H97: Adquirido | I97: DEFIBTECH | J97: LIFE LINE | K97: 122003001 | L97: 2013
A98: 97 | B98: 56 | C98: 2-112275 | D98: DEA | E98: Prevención de Riesgos | F98: Prevención de Riesgos | G98: Urgencia Infantil | H98: Adquirido | I98: DEFIBTECH | J98: LIFE LINE | K98: 122002995 | L98: 2013
A99: 98 | B99: 57 | C99: 2-112276 | D99: DEA | E99: Prevención de Riesgos (Urgencia Adulto) | F99: Prevención de Riesgos | G99: Priorización Adultos | H99: Adquirido | I99: DEFIBTECH | J99: LIFE LINE | K99: 122003000 | L99: 2013
A100: 99 | B100: 58 | C100: 2-112277 | D100: DEA | E100: Prevención de Riesgos | F100: Prevención de Riesgos | G100: Zócalo CDT | H100: Adquirido | I100: DEFIBTECH | J100: LIFE LINE | K100: 122002981 | L100: 2013
A101: 100 | B101: 59 | C101: 2-002371 | D101: DEA | E101: Prevención de Riesgos | F101: Prevención de Riesgos | G101: Entrada Principal TN | H101: Adquirido | I101: DEFIBTECH | J101: LIFE LINE | K101: 122002983 | L101: 2013
...

Sheet 1. Órdenes de Trabajo
